run_id,source_commit,artifact_id,path,page,theme,device,scale,language,width,height,sha256
36984122910,b4737afab4b928a3509e79a635e5e5fbb1cb8232,11217396267,phone-portrait-a/home__celestial_meridian__phone-portrait__130.png,home,celestial_meridian,phone-portrait,130,en,1080,2209,d96152f35549e91756c344603f07c322143250531a3fff76f08e68269d314ba0
36984122910,b4737afab4b928a3509e79a635e5e5fbb1cb8232,11217396267,phone-portrait-a/home__celestial_meridian__phone-portrait__100.png,home,celestial_meridian,phone-portrait,100,en,1080,2209,01b511186d156180a978ec73d34a4aa9cc3055bf9ba6bc764ec46ec23f2a8d88
36984122910,b4737afab4b928a3509e79a635e5e5fbb1cb8232,11217396267,phone-portrait-a/home__celestial_meridian__phone-portrait__100__ur.png,home,celestial_meridian,phone-portrait,100,ur,1080,2209,5c2c2acfad4c6dbb9a9aab075ab731f8b5804ef497990e3d87c2f67a74e134ba
36984122910,b4737afab4b928a3509e79a635e5e5fbb1cb8232,11217396267,phone-portrait-a/home__celestial_meridian__phone-portrait__130__ur.png,home,celestial_meridian,phone-portrait,130,ur,1080,2209,58c5fc0a51140d1a7cdeede9833903f0824706951785b72261e80da3586e73ac
36984122910,b4737afab4b928a3509e79a635e5e5fbb1cb8232,11217396267,phone-portrait-a/home__celestial_meridian__phone-portrait__200.png,home,celestial_meridian,phone-portrait,200,en,1080,2209,552098a26d2269969ef65f8db638b53f36537c195fff7eab91076bdd14b15f94
36984122910,b4737afab4b928a3509e79a635e5e5fbb1cb8232,11217396267,phone-portrait-a/home__celestial_meridian__phone-portrait__200__ur.png,home,celestial_meridian,phone-portrait,200,ur,1080,2209,9fda0b1a6e0c910eb28632505feb20f17a59726e064747f99b6feba1c209742e
36984122910,b4737afab4b928a3509e79a635e5e5fbb1cb8232,11217396267,phone-portrait-a/home__kiswah__phone-portrait__100.png,home,kiswah,phone-portrait,100,en,1080,2209,e878f7fbd0b26b6c8c08a4ab516932ec8aeabe4d3cdc4ab32da1b7d93596816e
36984122910,b4737afab4b928a3509e79a635e5e5fbb1cb8232,11217396267,phone-portrait-a/home__kiswah__phone-portrait__100__ur.png,home,kiswah,phone-portrait,100,ur,1080,2209,e1d42f20ac16e61cf43d897df7a09e3a23ee74bb5296adae242562262574eeeb
36984122910,b4737afab4b928a3509e79a635e5e5fbb1cb8232,11217396267,phone-portrait-a/home__kiswah__phone-portrait__130__ur.png,home,kiswah,phone-portrait,130,ur,1080,2209,6a971e6abdb6d2e548cac1f65b95d366432c3d076738b8a6faaa6dedd6460796
36984122910,b4737afab4b928a3509e79a635e5e5fbb1cb8232,11217396267,phone-portrait-a/home__kiswah__phone-portrait__130.png,home,kiswah,phone-portrait,130,en,1080,2209,80e47e3c414ff88389aac797281762902da7d2f69c7bc916dadc5ea4009c0c33
36984122910,b4737afab4b928a3509e79a635e5e5fbb1cb8232,11217396267,phone-portrait-a/home__kiswah__phone-portrait__200.png,home,kiswah,phone-portrait,200,en,1080,2209,98a251ecedfd809b31301bad89c96f0c8dcc7320a81e43645948c9638cf8acfb
36984122910,b4737afab4b928a3509e79a635e5e5fbb1cb8232,11217396267,phone-portrait-a/home__kiswah__phone-portrait__200__ur.png,home,kiswah,phone-portrait,200,ur,1080,2209,e3fe4e1b2516c04b12f3dcd18ff273278ecd98e0bbef8b00595ab8d1a5abc3ac
36984122910,b4737afab4b928a3509e79a635e5e5fbb1cb8232,11217396267,phone-portrait-a/home__miqaat__phone-portrait__100.png,home,miqaat,phone-portrait,100,en,1080,2209,c5c495867c3ebdc00db8fab7b80ec1b4421f663e539445242100fb5d2202cf47
36984122910,b4737afab4b928a3509e79a635e5e5fbb1cb8232,11217396267,phone-portrait-a/home__miqaat__phone-portrait__130.png,home,miqaat,phone-portrait,130,en,1080,2209,a60841284aed5297af7b0d818561b95972c94e38a6f4bc90677ffd6cea83cdab
36984122910,b4737afab4b928a3509e79a635e5e5fbb1cb8232,11217396267,phone-portrait-a/home__miqaat__phone-portrait__100__ur.png,home,miqaat,phone-portrait,100,ur,1080,2209,fc5de34733d8dd2fa24174f1609ae1155ef477526672d2dbbf17d7d19d0c4de9
36984122910,b4737afab4b928a3509e79a635e5e5fbb1cb8232,11217396267,phone-portrait-a/home__miqaat__phone-portrait__130__ur.png,home,miqaat,phone-portrait,130,ur,1080,2209,e4bdcb6931c55e7e1c988316100d56f09dd6c26f99677d72519565f744e2e1ff
36984122910,b4737afab4b928a3509e79a635e5e5fbb1cb8232,11217396267,phone-portrait-a/home__miqaat__phone-portrait__200.png,home,miqaat,phone-portrait,200,en,1080,2209,e6d55e8002bb17ca10ea1f287291fb7457467366801ed5488eda537f4e36770b
36984122910,b4737afab4b928a3509e79a635e5e5fbb1cb8232,11217396267,phone-portrait-a/home__miqaat__phone-portrait__200__ur.png,home,miqaat,phone-portrait,200,ur,1080,2209,e6b866ad8afe4cc67391e1f7c368b204778d4738a96e8393cd9b57daaa47a297
36984122910,b4737afab4b928a3509e79a635e5e5fbb1cb8232,11217396267,phone-portrait-a/home__prayer_gallery__phone-portrait__100.png,home,prayer_gallery,phone-portrait,100,en,1080,2209,d832eb994f49917e03309228323b3f17a5ccafa48deadd110f7fad6edacc6242
36984122910,b4737afab4b928a3509e79a635e5e5fbb1cb8232,11217396267,phone-portrait-a/home__prayer_gallery__phone-portrait__100__ur.png,home,prayer_gallery,phone-portrait,100,ur,1080,2209,2d45736fb3d86ccbc379694401a40fb06e1df9f63fde4c30b021f6c2a9de9fb3
36984122910,b4737afab4b928a3509e79a635e5e5fbb1cb8232,11217396267,phone-portrait-a/home__prayer_gallery__phone-portrait__130.png,home,prayer_gallery,phone-portrait,130,en,1080,2209,bcf7faf8564a7ef94363dfa28a0da540a78f407794587e7782f81990fe6d3ec5
36984122910,b4737afab4b928a3509e79a635e5e5fbb1cb8232,11217396267,phone-portrait-a/home__prayer_gallery__phone-portrait__130__ur.png,home,prayer_gallery,phone-portrait,130,ur,1080,2209,23d8cf2118f877813f3999ca2e5ba1e925d08853c6e52f7c028b4288eb537b71
36984122910,b4737afab4b928a3509e79a635e5e5fbb1cb8232,11217396267,phone-portrait-a/home__prayer_gallery__phone-portrait__200__ur.png,home,prayer_gallery,phone-portrait,200,ur,1080,2209,f7ad85b2ec45fc1439a9bc40cefe48a44e2cac6b785e8ae4471a2db77460b07a
36984122910,b4737afab4b928a3509e79a635e5e5fbb1cb8232,11217396267,phone-portrait-a/home__prayer_gallery__phone-portrait__200.png,home,prayer_gallery,phone-portrait,200,en,1080,2209,d1626922629a614e7924258119aa212e37278dfa57f58978c250316faa540894
36984122910,b4737afab4b928a3509e79a635e5e5fbb1cb8232,11217396267,phone-portrait-a/state-ready__celestial_meridian__phone-portrait__200.png,state-ready,celestial_meridian,phone-portrait,200,en,1080,1291,e82dcabef5fcc1fd8fb7536ebf8813324e5b78a789e59e07b7d7b0ee68d65c45
36984122910,b4737afab4b928a3509e79a635e5e5fbb1cb8232,11217396267,phone-portrait-a/state-ready__celestial_meridian__phone-portrait__100.png,state-ready,celestial_meridian,phone-portrait,100,en,1080,575,a186a55730cac8e9a1a79d2ebb72cb2b15327939b330952332d8bfd10c47284b
36984122910,b4737afab4b928a3509e79a635e5e5fbb1cb8232,11217396267,phone-portrait-a/state-ready__kiswah__phone-portrait__100.png,state-ready,kiswah,phone-portrait,100,en,1080,575,ce602819b71438acfd4338cd5e097c559169d22248193d956e89664be6fa5780
36984122910,b4737afab4b928a3509e79a635e5e5fbb1cb8232,11217396267,phone-portrait-a/state-ready__kiswah__phone-portrait__200.png,state-ready,kiswah,phone-portrait,200,en,1080,1291,55198b5da86e3a41abbf8492cac18e4a891fd7bf93aef83f599573846757c899
36984122910,b4737afab4b928a3509e79a635e5e5fbb1cb8232,11217396267,phone-portrait-a/state-ready__miqaat__phone-portrait__100.png,state-ready,miqaat,phone-portrait,100,en,1080,575,456357252998e4f0846d7dfb2574c8425695d2d6256a87a472ce933b09fbefb9
36984122910,b4737afab4b928a3509e79a635e5e5fbb1cb8232,11217396267,phone-portrait-a/state-ready__miqaat__phone-portrait__200.png,state-ready,miqaat,phone-portrait,200,en,1080,1291,aa2e09830b21e2705e5811944392856d6c6119a981acf0bcb3563f399d5c3485
36984122910,b4737afab4b928a3509e79a635e5e5fbb1cb8232,11217396267,phone-portrait-a/state-ready__prayer_gallery__phone-portrait__100.png,state-ready,prayer_gallery,phone-portrait,100,en,1080,575,cfb99170247da4bf2f4ba0f8ebf3960db39b2130a8c3e37a4687757ef89c6f91
36984122910,b4737afab4b928a3509e79a635e5e5fbb1cb8232,11217396267,phone-portrait-a/state-ready__prayer_gallery__phone-portrait__200.png,state-ready,prayer_gallery,phone-portrait,200,en,1080,1291,15b7aff4d5bdddba92373a586e82af1ce306d94044cd8c763d10c24263807a8b
36984122910,b4737afab4b928a3509e79a635e5e5fbb1cb8232,11217396267,phone-portrait-a/state-warning__celestial_meridian__phone-portrait__100.png,state-warning,celestial_meridian,phone-portrait,100,en,1080,575,fbc8248feaa0421922c705227c39121896fa008558d950da2bd2e1ffbafec469
36984122910,b4737afab4b928a3509e79a635e5e5fbb1cb8232,11217396267,phone-portrait-a/state-warning__celestial_meridian__phone-portrait__200.png,state-warning,celestial_meridian,phone-portrait,200,en,1080,1291,275b97a377bb9f37f7e6d15db91d18d7111b661ae607831aca60e723525bc510
36984122910,b4737afab4b928a3509e79a635e5e5fbb1cb8232,11217396267,phone-portrait-a/state-warning__kiswah__phone-portrait__200.png,state-warning,kiswah,phone-portrait,200,en,1080,1291,6d4435ac137f1aaecd723f97d421781b0e7040ddf53afee46f11d77c9f651e99
36984122910,b4737afab4b928a3509e79a635e5e5fbb1cb8232,11217396267,phone-portrait-a/state-warning__kiswah__phone-portrait__100.png,state-warning,kiswah,phone-portrait,100,en,1080,575,b70decd5018e7386aa4ef32cd33078c17171ba5bb7107c5e14cd722e8ba7396c
36984122910,b4737afab4b928a3509e79a635e5e5fbb1cb8232,11217396267,phone-portrait-a/state-warning__miqaat__phone-portrait__100.png,state-warning,miqaat,phone-portrait,100,en,1080,575,c3f1d53815773286e15264e105fe770602f54ece1b4481a87ac8142042dd60d4
36984122910,b4737afab4b928a3509e79a635e5e5fbb1cb8232,11217396267,phone-portrait-a/state-warning__miqaat__phone-portrait__200.png,state-warning,miqaat,phone-portrait,200,en,1080,1291,ff6f763e5b258c5191a21e14249c20355d74f53d61710b404910fb86367dae19
36984122910,b4737afab4b928a3509e79a635e5e5fbb1cb8232,11217396267,phone-portrait-a/state-warning__prayer_gallery__phone-portrait__100.png,state-warning,prayer_gallery,phone-portrait,100,en,1080,575,4acdc2f32a16f3854eee1a93e3deeb7c1a1180d5cdb453d42373294f097df447
36984122910,b4737afab4b928a3509e79a635e5e5fbb1cb8232,11217396267,phone-portrait-a/state-warning__prayer_gallery__phone-portrait__200.png,state-warning,prayer_gallery,phone-portrait,200,en,1080,1291,82e7feb8a8b5e96ee7ce361d684183d7f1dc97e4e14b1d844bd9e614c9c7a2e5
36984122910,b4737afab4b928a3509e79a635e5e5fbb1cb8232,11217396267,phone-portrait-d/azaan__celestial_meridian__phone-portrait__100.png,azaan,celestial_meridian,phone-portrait,100,en,1080,2209,66be8829706de25f6a435eec8e648d9203abd14d6544335e628d70467dfd4f48
36984122910,b4737afab4b928a3509e79a635e5e5fbb1cb8232,11217396267,phone-portrait-d/azaan__celestial_meridian__phone-portrait__200.png,azaan,celestial_meridian,phone-portrait,200,en,1080,2209,18e10db119ea4526378827e6a823fb6165208097ad8a08262176540e9402f036
36984122910,b4737afab4b928a3509e79a635e5e5fbb1cb8232,11217396267,phone-portrait-d/azaan__kiswah__phone-portrait__100.png,azaan,kiswah,phone-portrait,100,en,1080,2209,c4a4516f6f8e92226b87fe8c7294b89da43e14e6bec3866c8c6cf1826bb7ceba
36984122910,b4737afab4b928a3509e79a635e5e5fbb1cb8232,11217396267,phone-portrait-d/azaan__kiswah__phone-portrait__200.png,azaan,kiswah,phone-portrait,200,en,1080,2209,d77c1e082fa6f18215a774a953342c0d74562ce0655dbdc99537c0bcc526c247
36984122910,b4737afab4b928a3509e79a635e5e5fbb1cb8232,11217396267,phone-portrait-d/azaan__miqaat__phone-portrait__100.png,azaan,miqaat,phone-portrait,100,en,1080,2209,b8537ebab88ee8499e7b2bd1006274c608335ccfc3287a97ad0060cfce5bc5fb
36984122910,b4737afab4b928a3509e79a635e5e5fbb1cb8232,11217396267,phone-portrait-d/azaan__prayer_gallery__phone-portrait__100.png,azaan,prayer_gallery,phone-portrait,100,en,1080,2209,68147d792162152b5951c503cf1b2c8c24ed6ce9bd926279459c0b8ac1728145
36984122910,b4737afab4b928a3509e79a635e5e5fbb1cb8232,11217396267,phone-portrait-d/azaan__miqaat__phone-portrait__200.png,azaan,miqaat,phone-portrait,200,en,1080,2209,7afdffde3aab1885548cc48833fb8dbf838addaa8853a27053c3ee39aa326b63
36984122910,b4737afab4b928a3509e79a635e5e5fbb1cb8232,11217396267,phone-portrait-d/azaan__prayer_gallery__phone-portrait__200.png,azaan,prayer_gallery,phone-portrait,200,en,1080,2209,908131797013251abb7584d177adbeb0d648f6793a37510634a6167961fa04aa
36984122910,b4737afab4b928a3509e79a635e5e5fbb1cb8232,11217396267,phone-portrait-d/dua__celestial_meridian__phone-portrait__100.png,dua,celestial_meridian,phone-portrait,100,en,1080,2209,af0a61196b4f0803ada160488d3fd3d3da7e5909f44ed633ed75696aa71a54b4
36984122910,b4737afab4b928a3509e79a635e5e5fbb1cb8232,11217396267,phone-portrait-d/dua__celestial_meridian__phone-portrait__100__ur.png,dua,celestial_meridian,phone-portrait,100,ur,1080,2209,9dd7c4088013797daa94728668ad0c5cc15dd0d3e19e1ea9bb713346876f148b
36984122910,b4737afab4b928a3509e79a635e5e5fbb1cb8232,11217396267,phone-portrait-d/dua__celestial_meridian__phone-portrait__200.png,dua,celestial_meridian,phone-portrait,200,en,1080,2209,fee8092044e4b383bde6dfea8d35f4633130705810e224f1e6b2aa67e1d332f9
36984122910,b4737afab4b928a3509e79a635e5e5fbb1cb8232,11217396267,phone-portrait-d/dua__kiswah__phone-portrait__100.png,dua,kiswah,phone-portrait,100,en,1080,2209,cf58b5bced5da7bd498380d2bb1552a0b975cca998f760594c880f58c235dc61
36984122910,b4737afab4b928a3509e79a635e5e5fbb1cb8232,11217396267,phone-portrait-d/dua__kiswah__phone-portrait__100__ur.png,dua,kiswah,phone-portrait,100,ur,1080,2209,aebddf74a332a91630a504e4fda755f6cc10e3994922c083737242151a9ba35c
36984122910,b4737afab4b928a3509e79a635e5e5fbb1cb8232,11217396267,phone-portrait-d/dua__kiswah__phone-portrait__200.png,dua,kiswah,phone-portrait,200,en,1080,2209,a50aefe48bfe71dd73f7700b0bd6e9ad22cce63367fb01cfc0074d183ebe2267
36984122910,b4737afab4b928a3509e79a635e5e5fbb1cb8232,11217396267,phone-portrait-d/dua__miqaat__phone-portrait__100.png,dua,miqaat,phone-portrait,100,en,1080,2209,ffd38179b4d47d2d874afd641c190b900678a4df560d12dee83f22157464e1a3
36984122910,b4737afab4b928a3509e79a635e5e5fbb1cb8232,11217396267,phone-portrait-d/dua__miqaat__phone-portrait__100__ur.png,dua,miqaat,phone-portrait,100,ur,1080,2209,5ece29172bf16c7669326c9dab00d704875b343fbe2839bab1918d6f538038f7
36984122910,b4737afab4b928a3509e79a635e5e5fbb1cb8232,11217396267,phone-portrait-d/dua__miqaat__phone-portrait__200.png,dua,miqaat,phone-portrait,200,en,1080,2209,6762714ca2ee5c5a776fad0b2b0245b2541f023b71e1d6566652705ec860273c
36984122910,b4737afab4b928a3509e79a635e5e5fbb1cb8232,11217396267,phone-portrait-d/dua__prayer_gallery__phone-portrait__100.png,dua,prayer_gallery,phone-portrait,100,en,1080,2209,c9c63cc6f3d880c175f470e363693e6eb0ba80b4392384485cc9a2fb3ba37ea9
36984122910,b4737afab4b928a3509e79a635e5e5fbb1cb8232,11217396267,phone-portrait-d/dua__prayer_gallery__phone-portrait__100__ur.png,dua,prayer_gallery,phone-portrait,100,ur,1080,2209,562384367591b463b85be3a2c67823299632ae665df466f650b2ce873c9f9862
36984122910,b4737afab4b928a3509e79a635e5e5fbb1cb8232,11217396267,phone-portrait-d/dua__prayer_gallery__phone-portrait__200.png,dua,prayer_gallery,phone-portrait,200,en,1080,2209,e5a2d81be1ac66ba1b04e8a7b6e98df70dc99f6f6932b4cf8210f6f50cdd5ce1
36984122910,b4737afab4b928a3509e79a635e5e5fbb1cb8232,11217396267,phone-portrait-d/hadith__celestial_meridian__phone-portrait__100.png,hadith,celestial_meridian,phone-portrait,100,en,1080,2209,3ee67372b4f733fc3aad5162b011c013d836b6210c313c9f9c853a90124c713b
36984122910,b4737afab4b928a3509e79a635e5e5fbb1cb8232,11217396267,phone-portrait-d/hadith__celestial_meridian__phone-portrait__200.png,hadith,celestial_meridian,phone-portrait,200,en,1080,2209,2b0961639590409f9eb95c7e4c14b70604296071c02afcdea9557165748a4b03
36984122910,b4737afab4b928a3509e79a635e5e5fbb1cb8232,11217396267,phone-portrait-d/hadith__kiswah__phone-portrait__100.png,hadith,kiswah,phone-portrait,100,en,1080,2209,a22cd9059e77e30029c23a46a2444e71317ea971ddc1af9b99a0431d7d8c6728
36984122910,b4737afab4b928a3509e79a635e5e5fbb1cb8232,11217396267,phone-portrait-d/hadith__kiswah__phone-portrait__200.png,hadith,kiswah,phone-portrait,200,en,1080,2209,e514c919f068ecce9604a11baaad7b3e1f1deb355a9a9a4929e25371c217defb
36984122910,b4737afab4b928a3509e79a635e5e5fbb1cb8232,11217396267,phone-portrait-d/hadith__miqaat__phone-portrait__100.png,hadith,miqaat,phone-portrait,100,en,1080,2209,50b9c9f36ee460980d7c113aa8a91e455539d890a1232e1158622a2d184fd685
36984122910,b4737afab4b928a3509e79a635e5e5fbb1cb8232,11217396267,phone-portrait-d/hadith__miqaat__phone-portrait__200.png,hadith,miqaat,phone-portrait,200,en,1080,2209,2f44da933bb8c75bc7e5529d0f66218adbce43b36768e86eb2e2869663b26130
36984122910,b4737afab4b928a3509e79a635e5e5fbb1cb8232,11217396267,phone-portrait-d/hadith__prayer_gallery__phone-portrait__100.png,hadith,prayer_gallery,phone-portrait,100,en,1080,2209,b15d79112c99d0d5fec6ef30925d5728dedbe560cf85b3cd83244c93707267b7
36984122910,b4737afab4b928a3509e79a635e5e5fbb1cb8232,11217396267,phone-portrait-d/hadith__prayer_gallery__phone-portrait__200.png,hadith,prayer_gallery,phone-portrait,200,en,1080,2209,47cc1d7996a75a1241e6f5c0a8ed263eb41c7628ba030e8264e58d3ba790323e
36984122910,b4737afab4b928a3509e79a635e5e5fbb1cb8232,11217396267,phone-portrait-d/iqamah__celestial_meridian__phone-portrait__100.png,iqamah,celestial_meridian,phone-portrait,100,en,1080,2209,2a82f822b7f29fd18fd8eab048671f73f362c614dc38511292568b90a45964e1
36984122910,b4737afab4b928a3509e79a635e5e5fbb1cb8232,11217396267,phone-portrait-d/iqamah__kiswah__phone-portrait__100.png,iqamah,kiswah,phone-portrait,100,en,1080,2209,48cce6aba42b69984b6e48919f632c0365bdb78e3627272957cce12e5edef8ef
36984122910,b4737afab4b928a3509e79a635e5e5fbb1cb8232,11217396267,phone-portrait-d/iqamah__celestial_meridian__phone-portrait__200.png,iqamah,celestial_meridian,phone-portrait,200,en,1080,2209,dbefca9bc904c111d41b34a5b14e307eb3fe131640c54197de60d1d38c1ec17e
36984122910,b4737afab4b928a3509e79a635e5e5fbb1cb8232,11217396267,phone-portrait-d/iqamah__kiswah__phone-portrait__200.png,iqamah,kiswah,phone-portrait,200,en,1080,2209,597cdaf9874d75988a999004abceec98cd24d985acfce6e63ab6e3c611f6473d
36984122910,b4737afab4b928a3509e79a635e5e5fbb1cb8232,11217396267,phone-portrait-d/iqamah__miqaat__phone-portrait__100.png,iqamah,miqaat,phone-portrait,100,en,1080,2209,ca35f7fc4bf809800415c8713b2bf8cae2560936238523904adfd06903327d43
36984122910,b4737afab4b928a3509e79a635e5e5fbb1cb8232,11217396267,phone-portrait-d/iqamah__miqaat__phone-portrait__200.png,iqamah,miqaat,phone-portrait,200,en,1080,2209,14b8001f2f43b8abad4d5fc05280a2f1aa5c76507f443ccda00851fb518a5094
36984122910,b4737afab4b928a3509e79a635e5e5fbb1cb8232,11217396267,phone-portrait-d/iqamah__prayer_gallery__phone-portrait__100.png,iqamah,prayer_gallery,phone-portrait,100,en,1080,2209,637e507ba62a28c7d1e363a6f36001628232ee675cdb383d66904586b7e0630a
36984122910,b4737afab4b928a3509e79a635e5e5fbb1cb8232,11217396267,phone-portrait-d/lesson-bowing__celestial_meridian__phone-portrait__100.png,lesson-bowing,celestial_meridian,phone-portrait,100,en,1080,2209,b74c4206171f07223e10bf0c93642fac19cfc812191d25cc9b9d5955dffb5c32
36984122910,b4737afab4b928a3509e79a635e5e5fbb1cb8232,11217396267,phone-portrait-d/iqamah__prayer_gallery__phone-portrait__200.png,iqamah,prayer_gallery,phone-portrait,200,en,1080,2209,c04e0ace5248bbf8da642983fcd9bb2d671b05fd0781e4d5e50a75ce6a6379f5
36984122910,b4737afab4b928a3509e79a635e5e5fbb1cb8232,11217396267,phone-portrait-d/lesson-bowing__kiswah__phone-portrait__100.png,lesson-bowing,kiswah,phone-portrait,100,en,1080,2209,0e41a8e44cc7f79159991145c323408d42aa25d0e92864073502dcbdfa0880a6
36984122910,b4737afab4b928a3509e79a635e5e5fbb1cb8232,11217396267,phone-portrait-d/lesson-bowing__miqaat__phone-portrait__100.png,lesson-bowing,miqaat,phone-portrait,100,en,1080,2209,757c4ada96260726866da0f15b674eb34547b3ab4b4e0884624969699752ec59
36984122910,b4737afab4b928a3509e79a635e5e5fbb1cb8232,11217396267,phone-portrait-d/lesson-bowing__prayer_gallery__phone-portrait__100.png,lesson-bowing,prayer_gallery,phone-portrait,100,en,1080,2209,20577919d85056c8300bc834cc880b636bfe7010013b2d8188cc0d2c13d9ad9e
36984122910,b4737afab4b928a3509e79a635e5e5fbb1cb8232,11217396267,phone-portrait-d/lesson-prostrating__celestial_meridian__phone-portrait__100.png,lesson-prostrating,celestial_meridian,phone-portrait,100,en,1080,2209,fa7280cafa86a0c51b7dc0670a8ada7291ffde6c912f86baf20fa37be30b54aa
36984122910,b4737afab4b928a3509e79a635e5e5fbb1cb8232,11217396267,phone-portrait-d/lesson-prostrating__kiswah__phone-portrait__100.png,lesson-prostrating,kiswah,phone-portrait,100,en,1080,2209,a5c33e7c1782287d1f183e16df371c19c27de819cff74ffc0a718733f96c29e5
36984122910,b4737afab4b928a3509e79a635e5e5fbb1cb8232,11217396267,phone-portrait-d/lesson-prostrating__miqaat__phone-portrait__100.png,lesson-prostrating,miqaat,phone-portrait,100,en,1080,2209,1a057bb6add7735f2d88dbf9606c0d87de4d4a463d1bdd418b8ad36e2d095aad
36984122910,b4737afab4b928a3509e79a635e5e5fbb1cb8232,11217396267,phone-portrait-d/lesson-prostrating__prayer_gallery__phone-portrait__100.png,lesson-prostrating,prayer_gallery,phone-portrait,100,en,1080,2209,0f0f1c2175a65317a2c833fc036f1d5c42dc4b08d56236cf4abc1d185804c672
36984122910,b4737afab4b928a3509e79a635e5e5fbb1cb8232,11217396267,phone-portrait-d/lesson-rising__celestial_meridian__phone-portrait__100.png,lesson-rising,celestial_meridian,phone-portrait,100,en,1080,2209,3779200c99149d927f0536320a55e14307b28b7b743ca0041a3cd42eaa66f648
36984122910,b4737afab4b928a3509e79a635e5e5fbb1cb8232,11217396267,phone-portrait-d/lesson-rising__kiswah__phone-portrait__100.png,lesson-rising,kiswah,phone-portrait,100,en,1080,2209,3c407cc1ffc79417b44346144f3d6fc4c528e49f02f67a482605b08acf1d8145
36984122910,b4737afab4b928a3509e79a635e5e5fbb1cb8232,11217396267,phone-portrait-d/lesson-rising__miqaat__phone-portrait__100.png,lesson-rising,miqaat,phone-portrait,100,en,1080,2209,bf9f0f8148e8f04ffb8b4e39803a8ea3d6e13482d74676da2e80efd4f3beaf7c
36984122910,b4737afab4b928a3509e79a635e5e5fbb1cb8232,11217396267,phone-portrait-d/lesson-rising__prayer_gallery__phone-portrait__100.png,lesson-rising,prayer_gallery,phone-portrait,100,en,1080,2209,1ae3d77fdbc26ebe106f7538ee135b255a2fe9d14e7fccd0d569704f063ac71d
36984122910,b4737afab4b928a3509e79a635e5e5fbb1cb8232,11217396267,phone-portrait-d/lesson-salam__celestial_meridian__phone-portrait__100.png,lesson-salam,celestial_meridian,phone-portrait,100,en,1080,2209,28a41a143c85e2f75d6183fab24f595abedecd7387717e3203d4beadd3c55a48
36984122910,b4737afab4b928a3509e79a635e5e5fbb1cb8232,11217396267,phone-portrait-d/lesson-salam__kiswah__phone-portrait__100.png,lesson-salam,kiswah,phone-portrait,100,en,1080,2209,49ac2eb6b66e48c43c8ffba164acf41f155abbfc7cd34e7f0437e3645b2c441a
36984122910,b4737afab4b928a3509e79a635e5e5fbb1cb8232,11217396267,phone-portrait-d/lesson-salam__miqaat__phone-portrait__100.png,lesson-salam,miqaat,phone-portrait,100,en,1080,2209,fa363cd0a080b50727fde277ad8fc4f6b073eb5e4d7f1712f4da39baabd50cf4
36984122910,b4737afab4b928a3509e79a635e5e5fbb1cb8232,11217396267,phone-portrait-d/lesson-salam__prayer_gallery__phone-portrait__100.png,lesson-salam,prayer_gallery,phone-portrait,100,en,1080,2209,079e1962f04dc019e9fabefa847733befc0e43374a9d3d1b1a33e593a7b245ee
36984122910,b4737afab4b928a3509e79a635e5e5fbb1cb8232,11217396267,phone-portrait-d/lesson-sitting__celestial_meridian__phone-portrait__100.png,lesson-sitting,celestial_meridian,phone-portrait,100,en,1080,2209,1e6a91ea6509f55e002f4548cdf29a47ba1fc1adb3a41cf1bdf723c96024094b
36984122910,b4737afab4b928a3509e79a635e5e5fbb1cb8232,11217396267,phone-portrait-d/lesson-sitting__kiswah__phone-portrait__100.png,lesson-sitting,kiswah,phone-portrait,100,en,1080,2209,4819bbd1208e1d955062a0dc7f68e356b7480d04dc260f86f3fb42aa476289b3
36984122910,b4737afab4b928a3509e79a635e5e5fbb1cb8232,11217396267,phone-portrait-d/lesson-sitting__miqaat__phone-portrait__100.png,lesson-sitting,miqaat,phone-portrait,100,en,1080,2209,39e29c2c930ddc330cf587fb40785fe6092fa9cd6c4f7aaaf9c40b3ba0de8192
36984122910,b4737afab4b928a3509e79a635e5e5fbb1cb8232,11217396267,phone-portrait-d/lesson-standing__celestial_meridian__phone-portrait__100.png,lesson-standing,celestial_meridian,phone-portrait,100,en,1080,2209,e5f120646c54f164f7b9ee4ff053eaa2978a9db3cddd93017fa5ba0e5a8f16c3
36984122910,b4737afab4b928a3509e79a635e5e5fbb1cb8232,11217396267,phone-portrait-d/lesson-sitting__prayer_gallery__phone-portrait__100.png,lesson-sitting,prayer_gallery,phone-portrait,100,en,1080,2209,04c1f26ef8393937a2672029ce839f146ae77c9e35f5d96942b25cf9cc524f31
36984122910,b4737afab4b928a3509e79a635e5e5fbb1cb8232,11217396267,phone-portrait-d/lesson-standing__kiswah__phone-portrait__100.png,lesson-standing,kiswah,phone-portrait,100,en,1080,2209,9c5060c71834657979792a2338e33bc6faf83d0dae57e088b6bb8ee77f929057
36984122910,b4737afab4b928a3509e79a635e5e5fbb1cb8232,11217396267,phone-portrait-d/lesson-standing__miqaat__phone-portrait__100.png,lesson-standing,miqaat,phone-portrait,100,en,1080,2209,54b4c4deb5268eabdf8da3e134d9de861248f4d9d1ae6dd81e7a7b262ece8a1b
36984122910,b4737afab4b928a3509e79a635e5e5fbb1cb8232,11217396267,phone-portrait-d/lesson-standing__prayer_gallery__phone-portrait__100.png,lesson-standing,prayer_gallery,phone-portrait,100,en,1080,2209,1efb36c6cc03612eb9ab9db2e72c1b8f1d075a795341ed1230e781d3bcb74a1d
36984122910,b4737afab4b928a3509e79a635e5e5fbb1cb8232,11217396267,phone-portrait-d/lesson-takbir__celestial_meridian__phone-portrait__100.png,lesson-takbir,celestial_meridian,phone-portrait,100,en,1080,2209,a35aae4d88bc85eebcdb079276f8eacccd7dcec9114e18bae74c0299d7a73c2e
36984122910,b4737afab4b928a3509e79a635e5e5fbb1cb8232,11217396267,phone-portrait-d/lesson-takbir__kiswah__phone-portrait__100.png,lesson-takbir,kiswah,phone-portrait,100,en,1080,2209,ab0b08906907a1d9106251e96d3b777e6dc4115aac257a15ba00c3010a31aadd
36984122910,b4737afab4b928a3509e79a635e5e5fbb1cb8232,11217396267,phone-portrait-d/lesson-takbir__miqaat__phone-portrait__100.png,lesson-takbir,miqaat,phone-portrait,100,en,1080,2209,6acc5bb2c8efdc67fd59f04abd81ced9eaf44c7c335ed696c2a20922e018fb91
36984122910,b4737afab4b928a3509e79a635e5e5fbb1cb8232,11217396267,phone-portrait-d/lesson-takbir__prayer_gallery__phone-portrait__100.png,lesson-takbir,prayer_gallery,phone-portrait,100,en,1080,2209,34afdaaa64b8b0a2f3321d450593268216b902da93700c13fb0f62ab38c1959c
36984122910,b4737afab4b928a3509e79a635e5e5fbb1cb8232,11217396267,phone-portrait-d/lesson-tashahhud__celestial_meridian__phone-portrait__100.png,lesson-tashahhud,celestial_meridian,phone-portrait,100,en,1080,2209,4be350a0c4c5e0fb099f6e0529772647a9a998173f20befc56dbc479e1ca2cd6
36984122910,b4737afab4b928a3509e79a635e5e5fbb1cb8232,11217396267,phone-portrait-d/lesson-tashahhud__kiswah__phone-portrait__100.png,lesson-tashahhud,kiswah,phone-portrait,100,en,1080,2209,a4eec4a1e84ef2035870369fc09081a1b8fb8fa014410a0050c3848506874653
36984122910,b4737afab4b928a3509e79a635e5e5fbb1cb8232,11217396267,phone-portrait-d/lesson-tashahhud__miqaat__phone-portrait__100.png,lesson-tashahhud,miqaat,phone-portrait,100,en,1080,2209,6874b4dd79933d0970dcb4e41145b178e1ebe10de6229400c5dc558d4f0ef4ae
36984122910,b4737afab4b928a3509e79a635e5e5fbb1cb8232,11217396267,phone-portrait-d/lesson-tashahhud__prayer_gallery__phone-portrait__100.png,lesson-tashahhud,prayer_gallery,phone-portrait,100,en,1080,2209,e98ad9af0ae80d9b95a065659a1a33df490d2fd2d2d9e060254b757b267190ec
36984122910,b4737afab4b928a3509e79a635e5e5fbb1cb8232,11216829609,phone-landscape-a/home__celestial_meridian__phone-landscape__100.png,home,celestial_meridian,phone-landscape,100,en,2400,1080,575498ea521ccbb2941d2848f07d265838f9a87c2d3e02b1368494006f88e471
36984122910,b4737afab4b928a3509e79a635e5e5fbb1cb8232,11216829609,phone-landscape-a/home__celestial_meridian__phone-landscape__100__ur.png,home,celestial_meridian,phone-landscape,100,ur,2400,1080,b8562b126631010a81bf366c50d11689a63bd55248cd8aa2db44941134fb7bf9
36984122910,b4737afab4b928a3509e79a635e5e5fbb1cb8232,11216829609,phone-landscape-a/home__celestial_meridian__phone-landscape__130.png,home,celestial_meridian,phone-landscape,130,en,2400,1080,0e2fc5a510f32085225d99dac282a6881440fbe3414a4a8a2b8fd0ccd3abfa29
36984122910,b4737afab4b928a3509e79a635e5e5fbb1cb8232,11216829609,phone-landscape-a/home__celestial_meridian__phone-landscape__130__ur.png,home,celestial_meridian,phone-landscape,130,ur,2400,1080,5bfdf2beaba3c57a54713f1f2a0337b01d2262c2e149d15a496e8e1022671b6f
36984122910,b4737afab4b928a3509e79a635e5e5fbb1cb8232,11216829609,phone-landscape-a/home__celestial_meridian__phone-landscape__200.png,home,celestial_meridian,phone-landscape,200,en,2400,1080,2f089776e95f9153939979446a7c1d5535c4c669aae4365fd4f2bdb76047c755
36984122910,b4737afab4b928a3509e79a635e5e5fbb1cb8232,11216829609,phone-landscape-a/home__celestial_meridian__phone-landscape__200__ur.png,home,celestial_meridian,phone-landscape,200,ur,2400,1080,7fbbc02da526e5b60d270a0100501a6f2a5f0e61ac103107d9c3af80ff8151b5
36984122910,b4737afab4b928a3509e79a635e5e5fbb1cb8232,11216829609,phone-landscape-a/home__kiswah__phone-landscape__100.png,home,kiswah,phone-landscape,100,en,2400,1080,017c48488ae9e1491bc3d68fc7f4febaa2d366edae4fd7b77117fe89a9b5e354
36984122910,b4737afab4b928a3509e79a635e5e5fbb1cb8232,11216829609,phone-landscape-a/home__kiswah__phone-landscape__100__ur.png,home,kiswah,phone-landscape,100,ur,2400,1080,9fd14deac8ceecceb495e74f715c4e4752f97a1b652d4cae76aff30ecb7d32ba
36984122910,b4737afab4b928a3509e79a635e5e5fbb1cb8232,11216829609,phone-landscape-a/home__kiswah__phone-landscape__130.png,home,kiswah,phone-landscape,130,en,2400,1080,8b9536ff8c55014e3934509b3a432690dca5cb7d6ef85101d722ca5fd42c4c52
36984122910,b4737afab4b928a3509e79a635e5e5fbb1cb8232,11216829609,phone-landscape-a/home__kiswah__phone-landscape__130__ur.png,home,kiswah,phone-landscape,130,ur,2400,1080,7981ec76e784ad95a8c58c40b52e7be52ef202d921f9225631211e32a2f24ba8
36984122910,b4737afab4b928a3509e79a635e5e5fbb1cb8232,11216829609,phone-landscape-a/home__kiswah__phone-landscape__200.png,home,kiswah,phone-landscape,200,en,2400,1080,fe2c9f4bfeaa666cad9e67e32810c4e57198b373aa34523ebb904959df957cc3
36984122910,b4737afab4b928a3509e79a635e5e5fbb1cb8232,11216829609,phone-landscape-a/home__kiswah__phone-landscape__200__ur.png,home,kiswah,phone-landscape,200,ur,2400,1080,56cbf007f77b6dbe7f2e8854ba63a23a0f57a6018befae5c595aa8469a969e35
36984122910,b4737afab4b928a3509e79a635e5e5fbb1cb8232,11216829609,phone-landscape-a/home__miqaat__phone-landscape__100.png,home,miqaat,phone-landscape,100,en,2400,1080,0581b34ce334c2c6fc808927b0e7194bf04205200ad6023ccd4f74e0e7dfbfa4
36984122910,b4737afab4b928a3509e79a635e5e5fbb1cb8232,11216829609,phone-landscape-a/home__miqaat__phone-landscape__130.png,home,miqaat,phone-landscape,130,en,2400,1080,26daa4d5a9d3b1e264646f1554f2986c3f4aa5a0c3529da158a71db231303c12
36984122910,b4737afab4b928a3509e79a635e5e5fbb1cb8232,11216829609,phone-landscape-a/home__miqaat__phone-landscape__100__ur.png,home,miqaat,phone-landscape,100,ur,2400,1080,add7a139beee4f709393f6d549896583084f1a83220b65bedc8475dd36e6bf9f
36984122910,b4737afab4b928a3509e79a635e5e5fbb1cb8232,11216829609,phone-landscape-a/home__miqaat__phone-landscape__130__ur.png,home,miqaat,phone-landscape,130,ur,2400,1080,99b6166cd7d40c0d96bb15e73cf36809e50380f388d376ccc7db6c21a27fafbc
36984122910,b4737afab4b928a3509e79a635e5e5fbb1cb8232,11216829609,phone-landscape-a/home__miqaat__phone-landscape__200.png,home,miqaat,phone-landscape,200,en,2400,1080,d8e31e677577e1182bac10930ed32a3ffe830c644b12d10f1b2229190cbb7d14
36984122910,b4737afab4b928a3509e79a635e5e5fbb1cb8232,11216829609,phone-landscape-a/home__miqaat__phone-landscape__200__ur.png,home,miqaat,phone-landscape,200,ur,2400,1080,597b41291fc2eba10ce56662ff9146d12f1a2eb9890b02a198953be709a728cc
36984122910,b4737afab4b928a3509e79a635e5e5fbb1cb8232,11216829609,phone-landscape-a/home__prayer_gallery__phone-landscape__100.png,home,prayer_gallery,phone-landscape,100,en,2400,1080,b52583623e6004f3e4b072918d2a0f724aa038a29ad1ca239d02c78728644421
36984122910,b4737afab4b928a3509e79a635e5e5fbb1cb8232,11216829609,phone-landscape-a/home__prayer_gallery__phone-landscape__130.png,home,prayer_gallery,phone-landscape,130,en,2400,1080,8aea9d4b386b10f8d59998210ce837e0b264ef921f482fb1c4da3e500dc904bb
36984122910,b4737afab4b928a3509e79a635e5e5fbb1cb8232,11216829609,phone-landscape-a/home__prayer_gallery__phone-landscape__100__ur.png,home,prayer_gallery,phone-landscape,100,ur,2400,1080,123d6da2de3b0cb50f454e92e84432554a4c8321c24ed90a662a023c3fc964df
36984122910,b4737afab4b928a3509e79a635e5e5fbb1cb8232,11216829609,phone-landscape-a/home__prayer_gallery__phone-landscape__130__ur.png,home,prayer_gallery,phone-landscape,130,ur,2400,1080,aa019857adddff37278949567a456ca8913c1ce1f6e40f169825bbf1744734f1
36984122910,b4737afab4b928a3509e79a635e5e5fbb1cb8232,11216829609,phone-landscape-a/home__prayer_gallery__phone-landscape__200.png,home,prayer_gallery,phone-landscape,200,en,2400,1080,4cfa7b437ee5dd898e090785ec7f99866278bba74854bc82e350c6acd76a4eb9
36984122910,b4737afab4b928a3509e79a635e5e5fbb1cb8232,11216829609,phone-landscape-a/home__prayer_gallery__phone-landscape__200__ur.png,home,prayer_gallery,phone-landscape,200,ur,2400,1080,efc772d0857848732a93023c880b3b85aabedb5a8231fb4be3cd793059162904
36984122910,b4737afab4b928a3509e79a635e5e5fbb1cb8232,11216829609,phone-landscape-a/state-ready__celestial_meridian__phone-landscape__100.png,state-ready,celestial_meridian,phone-landscape,100,en,2400,344,f5889eac7ecfdc9fe8a179bef2c82f894282b8f9722d227382bf9172d33dd44c
36984122910,b4737afab4b928a3509e79a635e5e5fbb1cb8232,11216829609,phone-landscape-a/state-ready__celestial_meridian__phone-landscape__200.png,state-ready,celestial_meridian,phone-landscape,200,en,2400,1080,1ca29edaf080448c73619a1d3552a7c986207512829f7d50bec6ce05258e7dd4
36984122910,b4737afab4b928a3509e79a635e5e5fbb1cb8232,11216829609,phone-landscape-a/state-ready__kiswah__phone-landscape__100.png,state-ready,kiswah,phone-landscape,100,en,2400,344,d7fb9be44fe5a6d31f1a94e8d09d971814ed212641cfdd4b8d42cb99f0e51100
36984122910,b4737afab4b928a3509e79a635e5e5fbb1cb8232,11216829609,phone-landscape-a/state-ready__kiswah__phone-landscape__200.png,state-ready,kiswah,phone-landscape,200,en,2400,1080,167e7d0aef0fda069f41363af7db1189fd79b9ca483b6a8f1d5c671e66ad33c1
36984122910,b4737afab4b928a3509e79a635e5e5fbb1cb8232,11216829609,phone-landscape-a/state-ready__miqaat__phone-landscape__100.png,state-ready,miqaat,phone-landscape,100,en,2400,344,0fca3c3801287b0a1c6f3fad053df32d23e33350731c239803aec63dd13054e9
36984122910,b4737afab4b928a3509e79a635e5e5fbb1cb8232,11216829609,phone-landscape-a/state-ready__miqaat__phone-landscape__200.png,state-ready,miqaat,phone-landscape,200,en,2400,1080,cdb58a3666485a5271180a474551d54a05f0fccc52720d6601c0703e7700306c
36984122910,b4737afab4b928a3509e79a635e5e5fbb1cb8232,11216829609,phone-landscape-a/state-ready__prayer_gallery__phone-landscape__200.png,state-ready,prayer_gallery,phone-landscape,200,en,2400,1080,d4efa7f5dc5af2d3069b7b266c9f5f35c2b9ab902038dcd4b810e4e989fc7b86
36984122910,b4737afab4b928a3509e79a635e5e5fbb1cb8232,11216829609,phone-landscape-a/state-ready__prayer_gallery__phone-landscape__100.png,state-ready,prayer_gallery,phone-landscape,100,en,2400,344,fcf76ebb43e07bfa117ea58ba103a337c0997fa8d956f4ddf8620d139405a01b
36984122910,b4737afab4b928a3509e79a635e5e5fbb1cb8232,11216829609,phone-landscape-a/state-warning__celestial_meridian__phone-landscape__100.png,state-warning,celestial_meridian,phone-landscape,100,en,2400,394,c33b339d2695b41c54068f41b2836ab889a60ed86eb23095f9074c8006d7f42b
36984122910,b4737afab4b928a3509e79a635e5e5fbb1cb8232,11216829609,phone-landscape-a/state-warning__celestial_meridian__phone-landscape__200.png,state-warning,celestial_meridian,phone-landscape,200,en,2400,1080,650597c0da4d0130a047fb254647f4ff42441b2bc99b54e9a6d011704b2c6dee
36984122910,b4737afab4b928a3509e79a635e5e5fbb1cb8232,11216829609,phone-landscape-a/state-warning__kiswah__phone-landscape__100.png,state-warning,kiswah,phone-landscape,100,en,2400,394,600f656e663476382b008c7b4bbb2567608e95f93b0f1219129026f4613a34d3
36984122910,b4737afab4b928a3509e79a635e5e5fbb1cb8232,11216829609,phone-landscape-a/state-warning__kiswah__phone-landscape__200.png,state-warning,kiswah,phone-landscape,200,en,2400,1080,2723580babcfd248f76c12ef9189d83781af921d1db235556e0a78de2c7b7a5f
36984122910,b4737afab4b928a3509e79a635e5e5fbb1cb8232,11216829609,phone-landscape-a/state-warning__miqaat__phone-landscape__100.png,state-warning,miqaat,phone-landscape,100,en,2400,394,e725dc2b41cedf623c02fe4eb0a52bb76c7aa6cf5eca40c1b8c9923adcda84ec
36984122910,b4737afab4b928a3509e79a635e5e5fbb1cb8232,11216829609,phone-landscape-a/state-warning__miqaat__phone-landscape__200.png,state-warning,miqaat,phone-landscape,200,en,2400,1080,0e49a1280f92e2a7346f20756f2696acf9d8cecf0af5a55f4b0b072d5b33b74b
36984122910,b4737afab4b928a3509e79a635e5e5fbb1cb8232,11216829609,phone-landscape-a/state-warning__prayer_gallery__phone-landscape__100.png,state-warning,prayer_gallery,phone-landscape,100,en,2400,394,194c689d36c21092b3ff03f6699c6dd4a57336665c7a558b79147fe4c0edc0fa
36984122910,b4737afab4b928a3509e79a635e5e5fbb1cb8232,11216829609,phone-landscape-a/state-warning__prayer_gallery__phone-landscape__200.png,state-warning,prayer_gallery,phone-landscape,200,en,2400,1080,d69a0e14038e68ecc0fce76d9d6ff79977ffc9eb27f3a9556338da7b8e3a1752
36984122910,b4737afab4b928a3509e79a635e5e5fbb1cb8232,11216829609,phone-landscape-d/azaan__celestial_meridian__phone-landscape__100.png,azaan,celestial_meridian,phone-landscape,100,en,2400,1080,b5bfbe6202934597cafec39523d5bd2117c13365187bc69915264c22747888ad
36984122910,b4737afab4b928a3509e79a635e5e5fbb1cb8232,11216829609,phone-landscape-d/azaan__celestial_meridian__phone-landscape__200.png,azaan,celestial_meridian,phone-landscape,200,en,2400,1080,c0a951902f8b354d31d355ff823835f9d76af24f6414bb3d46b90ccda119a20f
36984122910,b4737afab4b928a3509e79a635e5e5fbb1cb8232,11216829609,phone-landscape-d/azaan__kiswah__phone-landscape__100.png,azaan,kiswah,phone-landscape,100,en,2400,1080,f45dc643fcc6b9eb4a2a02061580dc64226f22eee003fc585a620d154ec318e3
36984122910,b4737afab4b928a3509e79a635e5e5fbb1cb8232,11216829609,phone-landscape-d/azaan__kiswah__phone-landscape__200.png,azaan,kiswah,phone-landscape,200,en,2400,1080,71e95dfac92937a7103a6c3c1973c21bd77b35494b9340c70ac5b7f35d9ced43
36984122910,b4737afab4b928a3509e79a635e5e5fbb1cb8232,11216829609,phone-landscape-d/azaan__miqaat__phone-landscape__100.png,azaan,miqaat,phone-landscape,100,en,2400,1080,562cd0ca9661e8a36f43a2d9cfb3075cdefa079f3af62092c6ec3567583451f5
36984122910,b4737afab4b928a3509e79a635e5e5fbb1cb8232,11216829609,phone-landscape-d/azaan__miqaat__phone-landscape__200.png,azaan,miqaat,phone-landscape,200,en,2400,1080,a9b082bb45692c1feb445726adde63b15a38dc739c0c51aa9a38df5b42c0d005
36984122910,b4737afab4b928a3509e79a635e5e5fbb1cb8232,11216829609,phone-landscape-d/azaan__prayer_gallery__phone-landscape__100.png,azaan,prayer_gallery,phone-landscape,100,en,2400,1080,a7a83e078f41513fbb57a0e7916ad8f1857f8cb1145cc7bbf486697c7a35c9d2
36984122910,b4737afab4b928a3509e79a635e5e5fbb1cb8232,11216829609,phone-landscape-d/azaan__prayer_gallery__phone-landscape__200.png,azaan,prayer_gallery,phone-landscape,200,en,2400,1080,be1d3bced754371c9944b14fb9999d60b771674be4d3690afee59c37befde3f8
36984122910,b4737afab4b928a3509e79a635e5e5fbb1cb8232,11216829609,phone-landscape-d/dua__celestial_meridian__phone-landscape__100.png,dua,celestial_meridian,phone-landscape,100,en,2400,1080,dd7b34ac62bbd49744182ca5cde883c018a2a28c9b294e1a77c8f1b6d270aff9
36984122910,b4737afab4b928a3509e79a635e5e5fbb1cb8232,11216829609,phone-landscape-d/dua__celestial_meridian__phone-landscape__100__ur.png,dua,celestial_meridian,phone-landscape,100,ur,2400,1080,d7f7c8e6f607fa3cbf6cbf47089f2c67d392a2d20faf44ff6cdeab5c3bead6b5
36984122910,b4737afab4b928a3509e79a635e5e5fbb1cb8232,11216829609,phone-landscape-d/dua__celestial_meridian__phone-landscape__200.png,dua,celestial_meridian,phone-landscape,200,en,2400,1080,4460dffbedd677f8ccfe6775b7e8ea9f3411b755d71a5f6bb6acbe21e0faa795
36984122910,b4737afab4b928a3509e79a635e5e5fbb1cb8232,11216829609,phone-landscape-d/dua__kiswah__phone-landscape__100.png,dua,kiswah,phone-landscape,100,en,2400,1080,4689662802a5595a0fba7a15aa259858cdc34f531667438dc60a992a1ce12b3f
36984122910,b4737afab4b928a3509e79a635e5e5fbb1cb8232,11216829609,phone-landscape-d/dua__kiswah__phone-landscape__100__ur.png,dua,kiswah,phone-landscape,100,ur,2400,1080,df5a31b21c3914cc1ba1a3f612a0d535491b13c2337d760aac42ad6b7ca301a0
36984122910,b4737afab4b928a3509e79a635e5e5fbb1cb8232,11216829609,phone-landscape-d/dua__kiswah__phone-landscape__200.png,dua,kiswah,phone-landscape,200,en,2400,1080,16868acc38c5ab36638211ff2d299bb621c4a6a18d47db9387fa40edf1cdb01c
36984122910,b4737afab4b928a3509e79a635e5e5fbb1cb8232,11216829609,phone-landscape-d/dua__miqaat__phone-landscape__100__ur.png,dua,miqaat,phone-landscape,100,ur,2400,1080,3151912a93866a8155c82148ac6f7331a5c548d255832bddb7024a7ef81ee6a2
36984122910,b4737afab4b928a3509e79a635e5e5fbb1cb8232,11216829609,phone-landscape-d/dua__miqaat__phone-landscape__100.png,dua,miqaat,phone-landscape,100,en,2400,1080,cfe0bf7433ba466021c7b439533f8dfbd79ffdc21329472f5a70922770e21d1e
36984122910,b4737afab4b928a3509e79a635e5e5fbb1cb8232,11216829609,phone-landscape-d/dua__miqaat__phone-landscape__200.png,dua,miqaat,phone-landscape,200,en,2400,1080,a2e215d1f25419692a179db931a2c89a6ec01bfe08a2b8aba07218753218e397
36984122910,b4737afab4b928a3509e79a635e5e5fbb1cb8232,11216829609,phone-landscape-d/dua__prayer_gallery__phone-landscape__100.png,dua,prayer_gallery,phone-landscape,100,en,2400,1080,2969427d7a6930a5e27dc9f7cdf04deb814807dd44637202d7ff7139600a3d76
36984122910,b4737afab4b928a3509e79a635e5e5fbb1cb8232,11216829609,phone-landscape-d/dua__prayer_gallery__phone-landscape__100__ur.png,dua,prayer_gallery,phone-landscape,100,ur,2400,1080,114f6006435f053e958eee0be22a048788cbd9477541aa1d642236ce875c3baf
36984122910,b4737afab4b928a3509e79a635e5e5fbb1cb8232,11216829609,phone-landscape-d/dua__prayer_gallery__phone-landscape__200.png,dua,prayer_gallery,phone-landscape,200,en,2400,1080,9cc1c2413339aaa549a32eba364e6cf9b75638ad05c5c37c91976b9434c7cbd8
36984122910,b4737afab4b928a3509e79a635e5e5fbb1cb8232,11216829609,phone-landscape-d/hadith__celestial_meridian__phone-landscape__100.png,hadith,celestial_meridian,phone-landscape,100,en,2400,1080,4d7dea845b3f67f323a351072607f6d8470fa5de14e5f1b8a969868814287eab
36984122910,b4737afab4b928a3509e79a635e5e5fbb1cb8232,11216829609,phone-landscape-d/hadith__celestial_meridian__phone-landscape__200.png,hadith,celestial_meridian,phone-landscape,200,en,2400,1080,07dfebc9b22c6bc38c1dc6c040ed4183e91dd8c97b35009b6c5c7e4ae9876918
36984122910,b4737afab4b928a3509e79a635e5e5fbb1cb8232,11216829609,phone-landscape-d/hadith__kiswah__phone-landscape__100.png,hadith,kiswah,phone-landscape,100,en,2400,1080,1a312d90ded686226daf982f0124d2463c80268dfbd0a5e40288524fd44a1deb
36984122910,b4737afab4b928a3509e79a635e5e5fbb1cb8232,11216829609,phone-landscape-d/hadith__kiswah__phone-landscape__200.png,hadith,kiswah,phone-landscape,200,en,2400,1080,b63cab522814b0eab1d55271d545e2538b8ceef2dd5494acba6bcdc7f4c4f35d
36984122910,b4737afab4b928a3509e79a635e5e5fbb1cb8232,11216829609,phone-landscape-d/hadith__miqaat__phone-landscape__100.png,hadith,miqaat,phone-landscape,100,en,2400,1080,afa7909fc1d93632227933a1f0cf5ec3e412100f5610857a841425839379d64f
36984122910,b4737afab4b928a3509e79a635e5e5fbb1cb8232,11216829609,phone-landscape-d/hadith__miqaat__phone-landscape__200.png,hadith,miqaat,phone-landscape,200,en,2400,1080,893c1febfbe5656f648f89e1e749aa4f6fad1d413563461d4a095fe75e59d855
36984122910,b4737afab4b928a3509e79a635e5e5fbb1cb8232,11216829609,phone-landscape-d/hadith__prayer_gallery__phone-landscape__100.png,hadith,prayer_gallery,phone-landscape,100,en,2400,1080,a8502ffd2ef1cf79567c1f98a8e14dc68ada886af0c83db2960219d545579ae6
36984122910,b4737afab4b928a3509e79a635e5e5fbb1cb8232,11216829609,phone-landscape-d/hadith__prayer_gallery__phone-landscape__200.png,hadith,prayer_gallery,phone-landscape,200,en,2400,1080,2473caec696b24fcd933ba282abec2d23b6e7824566037ab670eb5571ac2598b
36984122910,b4737afab4b928a3509e79a635e5e5fbb1cb8232,11216829609,phone-landscape-d/iqamah__celestial_meridian__phone-landscape__100.png,iqamah,celestial_meridian,phone-landscape,100,en,2400,1080,e29873b580aaf08acc62cdd8fc979f7dfe5fb3daa22834c8cfb081d35dd30e1e
36984122910,b4737afab4b928a3509e79a635e5e5fbb1cb8232,11216829609,phone-landscape-d/iqamah__celestial_meridian__phone-landscape__200.png,iqamah,celestial_meridian,phone-landscape,200,en,2400,1080,5eed0be63bfceb09e0f1435c5b9552421c631b944903d1724e18ee3ffa86c35c
36984122910,b4737afab4b928a3509e79a635e5e5fbb1cb8232,11216829609,phone-landscape-d/iqamah__kiswah__phone-landscape__100.png,iqamah,kiswah,phone-landscape,100,en,2400,1080,05de16ea4a9e13be5049a131bf3bb084d0899a5cfaf9a3534bebc797fd659440
36984122910,b4737afab4b928a3509e79a635e5e5fbb1cb8232,11216829609,phone-landscape-d/iqamah__kiswah__phone-landscape__200.png,iqamah,kiswah,phone-landscape,200,en,2400,1080,0d143a4ce209116b42ace56c77468d017e58cf7b9c6ae108aeaa697795fec232
36984122910,b4737afab4b928a3509e79a635e5e5fbb1cb8232,11216829609,phone-landscape-d/iqamah__miqaat__phone-landscape__100.png,iqamah,miqaat,phone-landscape,100,en,2400,1080,9e90ad651287ae572439efaeae40886f0829e977c53c9893648355c0262a423b
36984122910,b4737afab4b928a3509e79a635e5e5fbb1cb8232,11216829609,phone-landscape-d/iqamah__miqaat__phone-landscape__200.png,iqamah,miqaat,phone-landscape,200,en,2400,1080,f48ddac95c628a35ef29e454902f548a6a05f1bc38817939840cd060c89266f8
36984122910,b4737afab4b928a3509e79a635e5e5fbb1cb8232,11216829609,phone-landscape-d/iqamah__prayer_gallery__phone-landscape__100.png,iqamah,prayer_gallery,phone-landscape,100,en,2400,1080,ac59561ccd5efa45a5be78120b7212ba79a4ef86347c499a4d8673b1251c8641
36984122910,b4737afab4b928a3509e79a635e5e5fbb1cb8232,11216829609,phone-landscape-d/iqamah__prayer_gallery__phone-landscape__200.png,iqamah,prayer_gallery,phone-landscape,200,en,2400,1080,78985cc57c81f6a1ae3c6df7ec03737bdf2b4b36d66d84768644a42ff2c91de6
36984122910,b4737afab4b928a3509e79a635e5e5fbb1cb8232,11216829609,phone-landscape-d/lesson-bowing__celestial_meridian__phone-landscape__100.png,lesson-bowing,celestial_meridian,phone-landscape,100,en,2400,1080,7fd754092541471d2f5b92da0685c7b75bff8b4a993518146d50662cd6d90c23
36984122910,b4737afab4b928a3509e79a635e5e5fbb1cb8232,11216829609,phone-landscape-d/lesson-bowing__kiswah__phone-landscape__100.png,lesson-bowing,kiswah,phone-landscape,100,en,2400,1080,c5f40c2ac557f70b77bc8cc6bceb0236e6882275d3c5a5b7c93eec2649aa9845
36984122910,b4737afab4b928a3509e79a635e5e5fbb1cb8232,11216829609,phone-landscape-d/lesson-bowing__miqaat__phone-landscape__100.png,lesson-bowing,miqaat,phone-landscape,100,en,2400,1080,35f0b70601fa6b95b64157f0fd20065d7eff2a1f01dd11380ca1772905ed460f
36984122910,b4737afab4b928a3509e79a635e5e5fbb1cb8232,11216829609,phone-landscape-d/lesson-bowing__prayer_gallery__phone-landscape__100.png,lesson-bowing,prayer_gallery,phone-landscape,100,en,2400,1080,166603e3ca226a329842c2fc9a9fdd3028c29810d8d257ead1b04f4188b6b7a6
36984122910,b4737afab4b928a3509e79a635e5e5fbb1cb8232,11216829609,phone-landscape-d/lesson-prostrating__celestial_meridian__phone-landscape__100.png,lesson-prostrating,celestial_meridian,phone-landscape,100,en,2400,1080,28476dec6625d3e7aece18a011bae7ed8d86d79c37df5180640a225fbc0228e8
36984122910,b4737afab4b928a3509e79a635e5e5fbb1cb8232,11216829609,phone-landscape-d/lesson-prostrating__kiswah__phone-landscape__100.png,lesson-prostrating,kiswah,phone-landscape,100,en,2400,1080,e0916042a9596e8377d2b703a0c6308ced03367b6b61b8d826e2d3968574daf3
36984122910,b4737afab4b928a3509e79a635e5e5fbb1cb8232,11216829609,phone-landscape-d/lesson-prostrating__miqaat__phone-landscape__100.png,lesson-prostrating,miqaat,phone-landscape,100,en,2400,1080,991864b4f8feb17c258101f1ebdd507707758ecce85a0ff75a769b645f4c1bc7
36984122910,b4737afab4b928a3509e79a635e5e5fbb1cb8232,11216829609,phone-landscape-d/lesson-prostrating__prayer_gallery__phone-landscape__100.png,lesson-prostrating,prayer_gallery,phone-landscape,100,en,2400,1080,c98f8bb289bab24883fc28dd466331d0f2de806aaf600d40d4ce461e82ed72ed
36984122910,b4737afab4b928a3509e79a635e5e5fbb1cb8232,11216829609,phone-landscape-d/lesson-rising__celestial_meridian__phone-landscape__100.png,lesson-rising,celestial_meridian,phone-landscape,100,en,2400,1080,5bc0da8d9a53537593f175c3898611880204f83c9662c6508c0996858010da0c
36984122910,b4737afab4b928a3509e79a635e5e5fbb1cb8232,11216829609,phone-landscape-d/lesson-rising__kiswah__phone-landscape__100.png,lesson-rising,kiswah,phone-landscape,100,en,2400,1080,1cf49f89d412327f23afb4c4c8f6e39ecef10dcf5fb14825ab78ab0d2f577908
36984122910,b4737afab4b928a3509e79a635e5e5fbb1cb8232,11216829609,phone-landscape-d/lesson-rising__miqaat__phone-landscape__100.png,lesson-rising,miqaat,phone-landscape,100,en,2400,1080,11de2f003af291aaa95c69e0ceebde32e457f676396cf2d0d60339e9864891d9
36984122910,b4737afab4b928a3509e79a635e5e5fbb1cb8232,11216829609,phone-landscape-d/lesson-rising__prayer_gallery__phone-landscape__100.png,lesson-rising,prayer_gallery,phone-landscape,100,en,2400,1080,b84f3f426f8ffd315d4ad9e97dfd4c876f92b985e7fe2e19c74c9e3bf6f10518
36984122910,b4737afab4b928a3509e79a635e5e5fbb1cb8232,11216829609,phone-landscape-d/lesson-salam__celestial_meridian__phone-landscape__100.png,lesson-salam,celestial_meridian,phone-landscape,100,en,2400,1080,687823f5fed83d28a28da7117dcc80863714928e4facc37f8ed2bbe26a3576be
36984122910,b4737afab4b928a3509e79a635e5e5fbb1cb8232,11216829609,phone-landscape-d/lesson-salam__kiswah__phone-landscape__100.png,lesson-salam,kiswah,phone-landscape,100,en,2400,1080,bca7a7323dcf679cb4dbb004c1dc0bc6a89fecb7d6daf7500d7bd739bbba9c3b
36984122910,b4737afab4b928a3509e79a635e5e5fbb1cb8232,11216829609,phone-landscape-d/lesson-salam__miqaat__phone-landscape__100.png,lesson-salam,miqaat,phone-landscape,100,en,2400,1080,5746acabceea5c73f37f2f3ce9911aa918d26a5a9333d63adf3d51b39e701dac
36984122910,b4737afab4b928a3509e79a635e5e5fbb1cb8232,11216829609,phone-landscape-d/lesson-salam__prayer_gallery__phone-landscape__100.png,lesson-salam,prayer_gallery,phone-landscape,100,en,2400,1080,aaa5a73edb98bfac8032b7f6783a5374e2ed87c3d37317393ac8f3658dbfd6c7
36984122910,b4737afab4b928a3509e79a635e5e5fbb1cb8232,11216829609,phone-landscape-d/lesson-sitting__celestial_meridian__phone-landscape__100.png,lesson-sitting,celestial_meridian,phone-landscape,100,en,2400,1080,4b8cc9816b9baa707addcc78bfaa49c40e32669538aae7182feb6f15e98acc45
36984122910,b4737afab4b928a3509e79a635e5e5fbb1cb8232,11216829609,phone-landscape-d/lesson-sitting__kiswah__phone-landscape__100.png,lesson-sitting,kiswah,phone-landscape,100,en,2400,1080,f28d4996598fe87c9e40377408ab7becccc7c31c0f8d353bf86d17791379bae3
36984122910,b4737afab4b928a3509e79a635e5e5fbb1cb8232,11216829609,phone-landscape-d/lesson-sitting__miqaat__phone-landscape__100.png,lesson-sitting,miqaat,phone-landscape,100,en,2400,1080,d5caebabea57afc6d0de3b278083c53f2d7a51b38d7307017a1f599927ed2aeb
36984122910,b4737afab4b928a3509e79a635e5e5fbb1cb8232,11216829609,phone-landscape-d/lesson-sitting__prayer_gallery__phone-landscape__100.png,lesson-sitting,prayer_gallery,phone-landscape,100,en,2400,1080,9357ec89c553f3ada66e11256ccbd175a655a216981c529329ea4f33e7a7ac69
36984122910,b4737afab4b928a3509e79a635e5e5fbb1cb8232,11216829609,phone-landscape-d/lesson-standing__celestial_meridian__phone-landscape__100.png,lesson-standing,celestial_meridian,phone-landscape,100,en,2400,1080,aba2caf63cd69df26c1da37de7750a5e014ec73f3a477172464e39ae013d525b
36984122910,b4737afab4b928a3509e79a635e5e5fbb1cb8232,11216829609,phone-landscape-d/lesson-standing__kiswah__phone-landscape__100.png,lesson-standing,kiswah,phone-landscape,100,en,2400,1080,b2a3b418b08d4b5cded1a3fc0b7dd805b7dc13b3557729c53000fc4d97d6131f
36984122910,b4737afab4b928a3509e79a635e5e5fbb1cb8232,11216829609,phone-landscape-d/lesson-standing__miqaat__phone-landscape__100.png,lesson-standing,miqaat,phone-landscape,100,en,2400,1080,824517fcb47517803d7a8ab1710fd5cc8064ad952bda1b2010213a2e90a944a2
36984122910,b4737afab4b928a3509e79a635e5e5fbb1cb8232,11216829609,phone-landscape-d/lesson-standing__prayer_gallery__phone-landscape__100.png,lesson-standing,prayer_gallery,phone-landscape,100,en,2400,1080,35ccb537675cd584ea5ec9730bf0a75b9729538edc8c4406e18ba0014b24a3fd
36984122910,b4737afab4b928a3509e79a635e5e5fbb1cb8232,11216829609,phone-landscape-d/lesson-takbir__celestial_meridian__phone-landscape__100.png,lesson-takbir,celestial_meridian,phone-landscape,100,en,2400,1080,5edd66d03a578be7b0b80a81b84054bdba89de7337b6940931b0cf17cddc1682
36984122910,b4737afab4b928a3509e79a635e5e5fbb1cb8232,11216829609,phone-landscape-d/lesson-takbir__kiswah__phone-landscape__100.png,lesson-takbir,kiswah,phone-landscape,100,en,2400,1080,1018361518aa69e9fdd911874eb9bfd4f159f63ca72efcc23de8100b1d4f494f
36984122910,b4737afab4b928a3509e79a635e5e5fbb1cb8232,11216829609,phone-landscape-d/lesson-takbir__miqaat__phone-landscape__100.png,lesson-takbir,miqaat,phone-landscape,100,en,2400,1080,8ac8b23a05334e7474559db00fd099bc461c08e486f91bd5054ea5fed303e21d
36984122910,b4737afab4b928a3509e79a635e5e5fbb1cb8232,11216829609,phone-landscape-d/lesson-tashahhud__celestial_meridian__phone-landscape__100.png,lesson-tashahhud,celestial_meridian,phone-landscape,100,en,2400,1080,cbea40e70bba5f88f08fc9f43e220ee1e394401bc8a22dc55a0b257c8164407a
36984122910,b4737afab4b928a3509e79a635e5e5fbb1cb8232,11216829609,phone-landscape-d/lesson-takbir__prayer_gallery__phone-landscape__100.png,lesson-takbir,prayer_gallery,phone-landscape,100,en,2400,1080,98c319b2f5eaaa81d6970b31768ea4c633aef7c9f110b2f0fb05f4bbca6b84e0
36984122910,b4737afab4b928a3509e79a635e5e5fbb1cb8232,11216829609,phone-landscape-d/lesson-tashahhud__kiswah__phone-landscape__100.png,lesson-tashahhud,kiswah,phone-landscape,100,en,2400,1080,a0b42ef7426fb9f6e34f96fdb4b1a98027ee2810c15ce710b09d5f2e42f9e167
36984122910,b4737afab4b928a3509e79a635e5e5fbb1cb8232,11216829609,phone-landscape-d/lesson-tashahhud__miqaat__phone-landscape__100.png,lesson-tashahhud,miqaat,phone-landscape,100,en,2400,1080,d848ea2264fc8dba6e71734885455deb114b8f010b111c7aaad4f063385a7cd8
36984122910,b4737afab4b928a3509e79a635e5e5fbb1cb8232,11216829609,phone-landscape-d/lesson-tashahhud__prayer_gallery__phone-landscape__100.png,lesson-tashahhud,prayer_gallery,phone-landscape,100,en,2400,1080,e5829884bd194354196b3b7239726e7ecabea1bfbdf1c13550c283eb7bfd47cc
