path,width,height,sha256,source_commit,run
audit-screens/adhkar-meaning__celestial_meridian__phone-landscape__200.png,1782,822,ef0cd1fd3e39625c6e30e23d81a7a838ce5d04a82735c6a21ef9e2e54733cea8,3903c60b5ffcab8645fcb176282c962cfda71bc6,37101494544
audit-screens/adhkar-meaning__celestial_meridian__phone-landscape__200__ur.png,1782,822,d14e92060836feac348f2fdf39676f338badd34890a333ccfa757046bf8bd3dd,3903c60b5ffcab8645fcb176282c962cfda71bc6,37101494544
audit-screens/adhkar-meaning__celestial_meridian__phone-portrait__200.png,822,1782,423803e5e7422b1c4e605aa3f162a08d94b08964280e3d66246a6e28297356d5,3903c60b5ffcab8645fcb176282c962cfda71bc6,37101494544
audit-screens/adhkar-meaning__celestial_meridian__phone-portrait__200__ur.png,822,1782,118682a8e62945125d22d98ebe076d5335414369be41dfb93a0b15cbfe05e85d,3903c60b5ffcab8645fcb176282c962cfda71bc6,37101494544
audit-screens/adhkar-meaning__kiswah__phone-landscape__200.png,1782,822,a8e63ff9f45d54245f0f6811d8126f68f8a82b8a37112ecf92613100ed1c54a4,3903c60b5ffcab8645fcb176282c962cfda71bc6,37101494544
audit-screens/adhkar-meaning__kiswah__phone-landscape__200__ur.png,1782,822,6d54072b792e83b61d35f27036377db51432c03328c9077dd45d408684aae674,3903c60b5ffcab8645fcb176282c962cfda71bc6,37101494544
audit-screens/adhkar-meaning__kiswah__phone-portrait__200.png,822,1782,76f3fac52ee549d6d4b5dc17a00ef4142d34f810e4d5a1e9dbe964159b4b2f9a,3903c60b5ffcab8645fcb176282c962cfda71bc6,37101494544
audit-screens/adhkar-meaning__kiswah__phone-portrait__200__ur.png,822,1782,74a0c08cec6e90bd640bb7dbefbff59735c30ff9be348380438720eb2fd81e46,3903c60b5ffcab8645fcb176282c962cfda71bc6,37101494544
audit-screens/adhkar-meaning__miqaat__phone-landscape__200.png,1782,822,992058ac9b0ecf68471a73557e96a7e120098ed45ee96e02b26d04a06e8f1e06,3903c60b5ffcab8645fcb176282c962cfda71bc6,37101494544
audit-screens/adhkar-meaning__miqaat__phone-landscape__200__ur.png,1782,822,a5e693c98302b3832778b58688aa223e7e28e927dcb2e15a2eea9a3dadb7ac55,3903c60b5ffcab8645fcb176282c962cfda71bc6,37101494544
audit-screens/adhkar-meaning__miqaat__phone-portrait__200.png,822,1782,b78dc6848b185ea25e0cb9783bc1719cd53883552ec87919ad3186377d12d771,3903c60b5ffcab8645fcb176282c962cfda71bc6,37101494544
audit-screens/adhkar-meaning__miqaat__phone-portrait__200__ur.png,822,1782,f383c96d068e1e9680ea27c654b7a3a0b90c44f022ff8901f435b1d056fc533d,3903c60b5ffcab8645fcb176282c962cfda71bc6,37101494544
audit-screens/adhkar-meaning__prayer_gallery__phone-landscape__200.png,1782,822,4dc8f860d21dce315719cebbbcad1a235b0ccf8ec3b5643b345761c11c072b45,3903c60b5ffcab8645fcb176282c962cfda71bc6,37101494544
audit-screens/adhkar-meaning__prayer_gallery__phone-landscape__200__ur.png,1782,822,a275adbb31c371b434cada64ca24e57fd368b33f6aa763ed01c13e06eb61b72c,3903c60b5ffcab8645fcb176282c962cfda71bc6,37101494544
audit-screens/adhkar-meaning__prayer_gallery__phone-portrait__200.png,822,1782,2fda8d0c7200941685a2d839afcffb7b8cb7cf7510482a9b2e49ed8279c41f92,3903c60b5ffcab8645fcb176282c962cfda71bc6,37101494544
audit-screens/adhkar-meaning__prayer_gallery__phone-portrait__200__ur.png,822,1782,993007b2e64d94f9c66e7cfa5fb5215e79974ad90efa5da5242a0ae84bdc02c9,3903c60b5ffcab8645fcb176282c962cfda71bc6,37101494544
audit-screens/approved-salah/posture__bowing__celestial_meridian__tablet-landscape__100.png,2560,1600,0d212d24e4fadb506ae1af3ebc11bc4a5748a7f1daa75c6d500a1da5d03b4bd8,3903c60b5ffcab8645fcb176282c962cfda71bc6,37101494544
audit-screens/approved-salah/posture__bowing__kiswah__tablet-landscape__100.png,2560,1600,e3ff6e7fc1add889d7170a5e91961e8ce96c788f1a7cbf6f4c7eef66cd315446,3903c60b5ffcab8645fcb176282c962cfda71bc6,37101494544
audit-screens/approved-salah/posture__bowing__miqaat__tablet-landscape__100.png,2560,1600,22066ede64e5a55ef43bd87056c197049b589dc6a24c1c06a4f264ef15358456,3903c60b5ffcab8645fcb176282c962cfda71bc6,37101494544
audit-screens/approved-salah/posture__bowing__prayer_gallery__tablet-landscape__100.png,2560,1600,2ddfcd8a1554f911a08ed994af7f32bfa2cba1a01595f9e9de011dc289f9ed09,3903c60b5ffcab8645fcb176282c962cfda71bc6,37101494544
audit-screens/approved-salah/posture__prostrating__celestial_meridian__tablet-landscape__100.png,2560,1600,3f7938ed1e554de36175dad68ed7bbe5ec0ab3a91298340b486ea6143264a81d,3903c60b5ffcab8645fcb176282c962cfda71bc6,37101494544
audit-screens/approved-salah/posture__prostrating__kiswah__tablet-landscape__100.png,2560,1600,81a4c81790dd60dc8d17dcc529b90ae89f12bf435aa1113103f06055441bdcf6,3903c60b5ffcab8645fcb176282c962cfda71bc6,37101494544
audit-screens/approved-salah/posture__prostrating__miqaat__tablet-landscape__100.png,2560,1600,e1a83cfa4e8bb12d754a29932be4b97bfde5870baf9c0b9d47f024771f108a05,3903c60b5ffcab8645fcb176282c962cfda71bc6,37101494544
audit-screens/approved-salah/posture__prostrating__prayer_gallery__tablet-landscape__100.png,2560,1600,9b009068b0c80c0d0dcb87b7b49466570e54aa9e37145a42ec8446512c851a56,3903c60b5ffcab8645fcb176282c962cfda71bc6,37101494544
audit-screens/approved-salah/posture__rising__celestial_meridian__tablet-landscape__100.png,2560,1600,95b5385c8f8cbcfe79d89e7bc0dfd358c377df99b32400b92e0a64b52d945b28,3903c60b5ffcab8645fcb176282c962cfda71bc6,37101494544
audit-screens/approved-salah/posture__rising__kiswah__tablet-landscape__100.png,2560,1600,b24a9f349aa1b09051a736ab7d60846014f8bbf916718bc54efb57652c8b236e,3903c60b5ffcab8645fcb176282c962cfda71bc6,37101494544
audit-screens/approved-salah/posture__rising__miqaat__tablet-landscape__100.png,2560,1600,fdd3dda56275998e78b3f0c1165921158976d75b02b1afb270b9b2e1c576279f,3903c60b5ffcab8645fcb176282c962cfda71bc6,37101494544
audit-screens/approved-salah/posture__rising__prayer_gallery__tablet-landscape__100.png,2560,1600,91453dc429049eceed3a039471df5fdfe3dddf2c7b72cfaaed09bfa350a37ec3,3903c60b5ffcab8645fcb176282c962cfda71bc6,37101494544
audit-screens/approved-salah/posture__salam__celestial_meridian__tablet-landscape__100.png,2560,1600,188de2dd712fd52b27cf7468e9e79ceedfa73eedca5426b6020d6b4d8b53700f,3903c60b5ffcab8645fcb176282c962cfda71bc6,37101494544
audit-screens/approved-salah/posture__salam__kiswah__tablet-landscape__100.png,2560,1600,ee1762d95df164fffc0be697271601394860f745ae12196094aff04f91c17488,3903c60b5ffcab8645fcb176282c962cfda71bc6,37101494544
audit-screens/approved-salah/posture__salam__miqaat__tablet-landscape__100.png,2560,1600,be57ee9dec18fbcf39933af4da65ed51a4a7155247971b371a2210fc09ab5c23,3903c60b5ffcab8645fcb176282c962cfda71bc6,37101494544
audit-screens/approved-salah/posture__salam__prayer_gallery__tablet-landscape__100.png,2560,1600,869f0b57f3dfe9fc2151b28832cc50224d27f8cfef7df95ff0dd381aac314332,3903c60b5ffcab8645fcb176282c962cfda71bc6,37101494544
audit-screens/approved-salah/posture__sitting__celestial_meridian__tablet-landscape__100.png,2560,1600,c95572f03a5734ae8acca33f5cf73427e14d9b64e3988f651c1d14942fba1e79,3903c60b5ffcab8645fcb176282c962cfda71bc6,37101494544
audit-screens/approved-salah/posture__sitting__kiswah__tablet-landscape__100.png,2560,1600,49e2c895ccf28f29588b747895ec3faa01eb5c217f472b1c98a85ed96de621ec,3903c60b5ffcab8645fcb176282c962cfda71bc6,37101494544
audit-screens/approved-salah/posture__sitting__miqaat__tablet-landscape__100.png,2560,1600,3fc16e6e8cd590ef2636ad51738375c0231108d8ffb048d139bec929cad42773,3903c60b5ffcab8645fcb176282c962cfda71bc6,37101494544
audit-screens/approved-salah/posture__sitting__prayer_gallery__tablet-landscape__100.png,2560,1600,d43a8796a552f7068b5bb79dc1a8730491f85e34b4e8900675bc6405a38283ac,3903c60b5ffcab8645fcb176282c962cfda71bc6,37101494544
audit-screens/approved-salah/posture__standing__celestial_meridian__tablet-landscape__100.png,2560,1600,4e8b768df9a8062525a10b2f24722bcc54516e68600435cb919b49e689dc4ba3,3903c60b5ffcab8645fcb176282c962cfda71bc6,37101494544
audit-screens/approved-salah/posture__standing__kiswah__tablet-landscape__100.png,2560,1600,d45a98c069d6960553492b45b0c1281b376ddfe2dbbd1388f8d7d7d17401cbb6,3903c60b5ffcab8645fcb176282c962cfda71bc6,37101494544
audit-screens/approved-salah/posture__standing__miqaat__tablet-landscape__100.png,2560,1600,4a99cbfac8fcb736e7188486d700dbd1a43eb72b610cc477638d6fd718629603,3903c60b5ffcab8645fcb176282c962cfda71bc6,37101494544
audit-screens/approved-salah/posture__standing__prayer_gallery__tablet-landscape__100.png,2560,1600,6340b42cf382467863d7eeb3df7b530ab1524e6c0e49946823291f4db2b801ab,3903c60b5ffcab8645fcb176282c962cfda71bc6,37101494544
audit-screens/approved-salah/posture__takbir__celestial_meridian__tablet-landscape__100.png,2560,1600,2dbef06674a5b2051937bbec2bf52cc9afa15fa8a38c41065535260d35920ab1,3903c60b5ffcab8645fcb176282c962cfda71bc6,37101494544
audit-screens/approved-salah/posture__takbir__kiswah__tablet-landscape__100.png,2560,1600,b4a071a31f5f1a099d87ae68a69cd46c5cfb727df07414bc722941603573e952,3903c60b5ffcab8645fcb176282c962cfda71bc6,37101494544
audit-screens/approved-salah/posture__takbir__miqaat__tablet-landscape__100.png,2560,1600,fde50ce9d3865085aa4aa54cba35e7e19ef59f6079619980a7cd1d4edae07ca9,3903c60b5ffcab8645fcb176282c962cfda71bc6,37101494544
audit-screens/approved-salah/posture__takbir__prayer_gallery__tablet-landscape__100.png,2560,1600,da7341254dc89c1d7dce4aa86687bc0600d06e1cfc3ba8bec350944fc8c40d17,3903c60b5ffcab8645fcb176282c962cfda71bc6,37101494544
audit-screens/approved-salah/posture__tashahhud__celestial_meridian__tablet-landscape__100.png,2560,1600,c6a474cae149501b096ef81bc7d55f04771cbc684f18eabac8d5ddb0daad6b30,3903c60b5ffcab8645fcb176282c962cfda71bc6,37101494544
audit-screens/approved-salah/posture__tashahhud__kiswah__tablet-landscape__100.png,2560,1600,d3ad9bf0d80ef24c1183c84f7be1cee87015fe41c40774ae62f538473800951b,3903c60b5ffcab8645fcb176282c962cfda71bc6,37101494544
audit-screens/approved-salah/posture__tashahhud__miqaat__tablet-landscape__100.png,2560,1600,307d49819fb83f8c5e794830561c43e916017c9e21d21207bca608e705a3cf82,3903c60b5ffcab8645fcb176282c962cfda71bc6,37101494544
audit-screens/approved-salah/posture__tashahhud__prayer_gallery__tablet-landscape__100.png,2560,1600,c9ac6ada57c6cfbf497db28c8d7435127caef4e82bacaaf31b7997b862aa113e,3903c60b5ffcab8645fcb176282c962cfda71bc6,37101494544
audit-screens/approved-salah/tahlil__evening__gallery__tablet-landscape__100.png,2560,1600,74e338ac38de562f960228fddf7cbd27a2b68debeeb12a4d27d27932d49bf24a,3903c60b5ffcab8645fcb176282c962cfda71bc6,37101494544
audit-screens/approved-salah/tahlil__morning__gallery__tablet-landscape__100.png,2560,1600,66bdcc405da9987b72f278479027471f517db2bda00c7d56fbc69f818333cf18,3903c60b5ffcab8645fcb176282c962cfda71bc6,37101494544
audit-screens/approved-salah/takbir__celestial_meridian__phone-landscape__100.png,1782,822,120d0f2df84aced5a69478634ceaf17d6b9146c5e1e25d432a12b5fd93a6591b,3903c60b5ffcab8645fcb176282c962cfda71bc6,37101494544
audit-screens/approved-salah/takbir__celestial_meridian__phone-landscape__100__notes.png,1782,822,9861ddd248e0760e255e65f6f05de64d45d957ae243f078ecea98e87eff2c231,3903c60b5ffcab8645fcb176282c962cfda71bc6,37101494544
audit-screens/approved-salah/takbir__celestial_meridian__phone-landscape__100__precheck.png,1782,822,120d0f2df84aced5a69478634ceaf17d6b9146c5e1e25d432a12b5fd93a6591b,3903c60b5ffcab8645fcb176282c962cfda71bc6,37101494544
audit-screens/approved-salah/takbir__celestial_meridian__phone-landscape__100__ur.png,1782,822,7904ed25522fe5c7ae361da92fbea4f81ba456f021650a9ff300b15ba58a5b07,3903c60b5ffcab8645fcb176282c962cfda71bc6,37101494544
audit-screens/approved-salah/takbir__celestial_meridian__phone-landscape__100__ur__notes.png,1782,822,0b82ae8189734552adaa4a8cd1cf9b1a47b773cd472af5f74df4b5ba7cd960e8,3903c60b5ffcab8645fcb176282c962cfda71bc6,37101494544
audit-screens/approved-salah/takbir__celestial_meridian__phone-landscape__100__ur__precheck.png,1782,822,7904ed25522fe5c7ae361da92fbea4f81ba456f021650a9ff300b15ba58a5b07,3903c60b5ffcab8645fcb176282c962cfda71bc6,37101494544
audit-screens/approved-salah/takbir__celestial_meridian__phone-landscape__130.png,1782,822,f7dd1030d341a4837ce7d48a3c4691c01342442b10f3ed79f68c08a27ede9ed2,3903c60b5ffcab8645fcb176282c962cfda71bc6,37101494544
audit-screens/approved-salah/takbir__celestial_meridian__phone-landscape__130__notes.png,1782,822,94a62476631824b040112cb4e88bd399f9c4b85b5c9e03d6a7f6d7af1a39cb75,3903c60b5ffcab8645fcb176282c962cfda71bc6,37101494544
audit-screens/approved-salah/takbir__celestial_meridian__phone-landscape__130__precheck.png,1782,822,f7dd1030d341a4837ce7d48a3c4691c01342442b10f3ed79f68c08a27ede9ed2,3903c60b5ffcab8645fcb176282c962cfda71bc6,37101494544
audit-screens/approved-salah/takbir__celestial_meridian__phone-landscape__130__ur.png,1782,822,18d83261d7839b7b9b7b7b39443bf5237b2c631160980511e68aefd60d46b279,3903c60b5ffcab8645fcb176282c962cfda71bc6,37101494544
audit-screens/approved-salah/takbir__celestial_meridian__phone-landscape__130__ur__notes.png,1782,822,c939b3380e26ab65776de1d96e6e986283668fd167f4765de5aabc8ae415316f,3903c60b5ffcab8645fcb176282c962cfda71bc6,37101494544
audit-screens/approved-salah/takbir__celestial_meridian__phone-landscape__130__ur__precheck.png,1782,822,18d83261d7839b7b9b7b7b39443bf5237b2c631160980511e68aefd60d46b279,3903c60b5ffcab8645fcb176282c962cfda71bc6,37101494544
audit-screens/approved-salah/takbir__celestial_meridian__phone-landscape__200.png,1782,822,207e939d2ed4ab15921879c326b3eceb92e64321266dbdf1decdc8fcdb6dd65b,3903c60b5ffcab8645fcb176282c962cfda71bc6,37101494544
audit-screens/approved-salah/takbir__celestial_meridian__phone-landscape__200__notes.png,1782,822,918d4312bcea753804617a84c39024ff85ed634056d32908a42a59d2b5110293,3903c60b5ffcab8645fcb176282c962cfda71bc6,37101494544
audit-screens/approved-salah/takbir__celestial_meridian__phone-landscape__200__precheck.png,1782,822,a13b0758dc95f0b5bcccace74402b00d9362a641e2648fb836dfd80d8bd5b95d,3903c60b5ffcab8645fcb176282c962cfda71bc6,37101494544
audit-screens/approved-salah/takbir__celestial_meridian__phone-landscape__200__ur.png,1782,822,c79635b899fcfd0cf72f9cc940b29d9cea9d5ae02c6cd3572e28249fc4459341,3903c60b5ffcab8645fcb176282c962cfda71bc6,37101494544
audit-screens/approved-salah/takbir__celestial_meridian__phone-landscape__200__ur__notes.png,1782,822,011dbb761172f9914fad9e388f775aa1c91bcded7e739ca035839b49c00e42f8,3903c60b5ffcab8645fcb176282c962cfda71bc6,37101494544
audit-screens/approved-salah/takbir__celestial_meridian__phone-landscape__200__ur__precheck.png,1782,822,8df109f180635b1d3d04d563296ed5a445c8c3f7e127ffc355f639c2805ded77,3903c60b5ffcab8645fcb176282c962cfda71bc6,37101494544
audit-screens/approved-salah/takbir__celestial_meridian__phone-portrait__100.png,822,1782,b305888596f5b0f5bab9d907067fcdde968d497334b949817cf65ec7172abc3a,3903c60b5ffcab8645fcb176282c962cfda71bc6,37101494544
audit-screens/approved-salah/takbir__celestial_meridian__phone-portrait__100__notes.png,822,1782,1c2eab3fe5dee5dfa3042b8a4749b09dbe222d0b540d1bf740c5c91da02f880f,3903c60b5ffcab8645fcb176282c962cfda71bc6,37101494544
audit-screens/approved-salah/takbir__celestial_meridian__phone-portrait__100__precheck.png,822,1782,b305888596f5b0f5bab9d907067fcdde968d497334b949817cf65ec7172abc3a,3903c60b5ffcab8645fcb176282c962cfda71bc6,37101494544
audit-screens/approved-salah/takbir__celestial_meridian__phone-portrait__100__ur.png,822,1782,63dfe80587f5dba1f4977c120a214917f945d51d92d0473ad85725c27c80607a,3903c60b5ffcab8645fcb176282c962cfda71bc6,37101494544
audit-screens/approved-salah/takbir__celestial_meridian__phone-portrait__100__ur__notes.png,822,1782,8c651028a99b7f524c5e2bcd5ff11579d3f634401c2e99e40d2160a9f6689467,3903c60b5ffcab8645fcb176282c962cfda71bc6,37101494544
audit-screens/approved-salah/takbir__celestial_meridian__phone-portrait__100__ur__precheck.png,822,1782,63dfe80587f5dba1f4977c120a214917f945d51d92d0473ad85725c27c80607a,3903c60b5ffcab8645fcb176282c962cfda71bc6,37101494544
audit-screens/approved-salah/takbir__celestial_meridian__phone-portrait__130.png,822,1782,0ddb2b2ce23a7936e81788e780927f6a87d1502ea0a6900a8c14915e0204bbdc,3903c60b5ffcab8645fcb176282c962cfda71bc6,37101494544
audit-screens/approved-salah/takbir__celestial_meridian__phone-portrait__130__notes.png,822,1782,2540e65c6811c6a70297fee1cc11cb5989726decfa9f485d339a1c3b30169730,3903c60b5ffcab8645fcb176282c962cfda71bc6,37101494544
audit-screens/approved-salah/takbir__celestial_meridian__phone-portrait__130__precheck.png,822,1782,0ddb2b2ce23a7936e81788e780927f6a87d1502ea0a6900a8c14915e0204bbdc,3903c60b5ffcab8645fcb176282c962cfda71bc6,37101494544
audit-screens/approved-salah/takbir__celestial_meridian__phone-portrait__130__ur.png,822,1782,b5a66a0a972f2d920b2df2cba1492c87877ca5c1d288dd7c603e52ce19555477,3903c60b5ffcab8645fcb176282c962cfda71bc6,37101494544
audit-screens/approved-salah/takbir__celestial_meridian__phone-portrait__130__ur__notes.png,822,1782,ae43017eb13eb684fd57a6e0c76b95e611825c8094eb011a0405081ccda20fd2,3903c60b5ffcab8645fcb176282c962cfda71bc6,37101494544
audit-screens/approved-salah/takbir__celestial_meridian__phone-portrait__130__ur__precheck.png,822,1782,b5a66a0a972f2d920b2df2cba1492c87877ca5c1d288dd7c603e52ce19555477,3903c60b5ffcab8645fcb176282c962cfda71bc6,37101494544
audit-screens/approved-salah/takbir__celestial_meridian__phone-portrait__200.png,822,1782,3f4a3f0ee6e3a9c55b7bc8da4629b5407106480fbc223ed57b99d9a47574d545,3903c60b5ffcab8645fcb176282c962cfda71bc6,37101494544
audit-screens/approved-salah/takbir__celestial_meridian__phone-portrait__200__notes.png,822,1782,69f7a11cb3d7918fa363bd51659a8b95c2b4fe1cabbc3cecbd33a925d448f29d,3903c60b5ffcab8645fcb176282c962cfda71bc6,37101494544
audit-screens/approved-salah/takbir__celestial_meridian__phone-portrait__200__precheck.png,822,1782,3f4a3f0ee6e3a9c55b7bc8da4629b5407106480fbc223ed57b99d9a47574d545,3903c60b5ffcab8645fcb176282c962cfda71bc6,37101494544
audit-screens/approved-salah/takbir__celestial_meridian__phone-portrait__200__ur.png,822,1782,07d1a126606c5ad1a04d405daae8ab72cc31337bd1bf182625c81a24593f876b,3903c60b5ffcab8645fcb176282c962cfda71bc6,37101494544
audit-screens/approved-salah/takbir__celestial_meridian__phone-portrait__200__ur__notes.png,822,1782,f16f08203704f43aec1828295674ea6ee01e61ecc91a1997ecece160260e5e38,3903c60b5ffcab8645fcb176282c962cfda71bc6,37101494544
audit-screens/approved-salah/takbir__celestial_meridian__phone-portrait__200__ur__precheck.png,822,1782,07d1a126606c5ad1a04d405daae8ab72cc31337bd1bf182625c81a24593f876b,3903c60b5ffcab8645fcb176282c962cfda71bc6,37101494544
audit-screens/approved-salah/takbir__celestial_meridian__tablet-landscape__100.png,2560,1600,2dbef06674a5b2051937bbec2bf52cc9afa15fa8a38c41065535260d35920ab1,3903c60b5ffcab8645fcb176282c962cfda71bc6,37101494544
audit-screens/approved-salah/takbir__celestial_meridian__tablet-landscape__100__notes.png,2560,1600,2dbef06674a5b2051937bbec2bf52cc9afa15fa8a38c41065535260d35920ab1,3903c60b5ffcab8645fcb176282c962cfda71bc6,37101494544
audit-screens/approved-salah/takbir__celestial_meridian__tablet-landscape__100__precheck.png,2560,1600,2dbef06674a5b2051937bbec2bf52cc9afa15fa8a38c41065535260d35920ab1,3903c60b5ffcab8645fcb176282c962cfda71bc6,37101494544
audit-screens/approved-salah/takbir__celestial_meridian__tablet-landscape__100__ur.png,2560,1600,72d93fdf6d43c3611dfa4d4002dbbf073c1f6ca7435e5038a317818965d7faf2,3903c60b5ffcab8645fcb176282c962cfda71bc6,37101494544
audit-screens/approved-salah/takbir__celestial_meridian__tablet-landscape__100__ur__notes.png,2560,1600,75b27a62478a27702d09d4fdd952bb4f953ea6a0253940284fcb8ec9c55a898b,3903c60b5ffcab8645fcb176282c962cfda71bc6,37101494544
audit-screens/approved-salah/takbir__celestial_meridian__tablet-landscape__100__ur__precheck.png,2560,1600,72d93fdf6d43c3611dfa4d4002dbbf073c1f6ca7435e5038a317818965d7faf2,3903c60b5ffcab8645fcb176282c962cfda71bc6,37101494544
audit-screens/approved-salah/takbir__celestial_meridian__tablet-landscape__130.png,2560,1600,124624b720d475ede2093d1c2bd667a2b1eced8eddbd94f62b5055ff1fd4cb00,3903c60b5ffcab8645fcb176282c962cfda71bc6,37101494544
audit-screens/approved-salah/takbir__celestial_meridian__tablet-landscape__130__notes.png,2560,1600,124624b720d475ede2093d1c2bd667a2b1eced8eddbd94f62b5055ff1fd4cb00,3903c60b5ffcab8645fcb176282c962cfda71bc6,37101494544
audit-screens/approved-salah/takbir__celestial_meridian__tablet-landscape__130__precheck.png,2560,1600,124624b720d475ede2093d1c2bd667a2b1eced8eddbd94f62b5055ff1fd4cb00,3903c60b5ffcab8645fcb176282c962cfda71bc6,37101494544
audit-screens/approved-salah/takbir__celestial_meridian__tablet-landscape__130__ur.png,2560,1600,ed336a721c28ebb20bd70358fce9aa3af5801556b942cf204f9d0604cd9937f6,3903c60b5ffcab8645fcb176282c962cfda71bc6,37101494544
audit-screens/approved-salah/takbir__celestial_meridian__tablet-landscape__130__ur__notes.png,2560,1600,ed425f8bef2dfef98d0ab70df31b9946cdb6efbb482547d0509d6b03d37f6a85,3903c60b5ffcab8645fcb176282c962cfda71bc6,37101494544
audit-screens/approved-salah/takbir__celestial_meridian__tablet-landscape__130__ur__precheck.png,2560,1600,ed336a721c28ebb20bd70358fce9aa3af5801556b942cf204f9d0604cd9937f6,3903c60b5ffcab8645fcb176282c962cfda71bc6,37101494544
audit-screens/approved-salah/takbir__celestial_meridian__tablet-landscape__200.png,2560,1600,ee991418a404471ba306cd40542d4c63eb3595e396663d1179671c651eebe3ec,3903c60b5ffcab8645fcb176282c962cfda71bc6,37101494544
audit-screens/approved-salah/takbir__celestial_meridian__tablet-landscape__200__notes.png,2560,1600,51c6cf07b110c65f1e33b9f1dd18c79d60c6195d9c48535fdbf652f58b471b41,3903c60b5ffcab8645fcb176282c962cfda71bc6,37101494544
audit-screens/approved-salah/takbir__celestial_meridian__tablet-landscape__200__precheck.png,2560,1600,ee991418a404471ba306cd40542d4c63eb3595e396663d1179671c651eebe3ec,3903c60b5ffcab8645fcb176282c962cfda71bc6,37101494544
audit-screens/approved-salah/takbir__celestial_meridian__tablet-landscape__200__ur.png,2560,1600,14b059ef7c00935b3a1af65dc3850581fc82792e5d558693d0e253822e072be0,3903c60b5ffcab8645fcb176282c962cfda71bc6,37101494544
audit-screens/approved-salah/takbir__celestial_meridian__tablet-landscape__200__ur__notes.png,2560,1600,95fc2d48cc9719017be46d20dca6f24614399367af39d14196617a04efeeb2d8,3903c60b5ffcab8645fcb176282c962cfda71bc6,37101494544
audit-screens/approved-salah/takbir__celestial_meridian__tablet-landscape__200__ur__precheck.png,2560,1600,14b059ef7c00935b3a1af65dc3850581fc82792e5d558693d0e253822e072be0,3903c60b5ffcab8645fcb176282c962cfda71bc6,37101494544
audit-screens/approved-salah/takbir__celestial_meridian__tablet-portrait__100.png,1600,2560,ab3835b84302bdc814cec67b97366ec976a36b3f197c0a20009ee4ddc65598ad,3903c60b5ffcab8645fcb176282c962cfda71bc6,37101494544
audit-screens/approved-salah/takbir__celestial_meridian__tablet-portrait__100__notes.png,1600,2560,ab3835b84302bdc814cec67b97366ec976a36b3f197c0a20009ee4ddc65598ad,3903c60b5ffcab8645fcb176282c962cfda71bc6,37101494544
audit-screens/approved-salah/takbir__celestial_meridian__tablet-portrait__100__precheck.png,1600,2560,ab3835b84302bdc814cec67b97366ec976a36b3f197c0a20009ee4ddc65598ad,3903c60b5ffcab8645fcb176282c962cfda71bc6,37101494544
audit-screens/approved-salah/takbir__celestial_meridian__tablet-portrait__100__ur.png,1600,2560,ac390e6c16424ffd3297bf72a1085620433556eaf0c39f53e470bfe5956637a7,3903c60b5ffcab8645fcb176282c962cfda71bc6,37101494544
audit-screens/approved-salah/takbir__celestial_meridian__tablet-portrait__100__ur__notes.png,1600,2560,d8c6afa4dd45dd2556c8ed04d36fa7350bc665d798d69522790658051d8b971e,3903c60b5ffcab8645fcb176282c962cfda71bc6,37101494544
audit-screens/approved-salah/takbir__celestial_meridian__tablet-portrait__100__ur__precheck.png,1600,2560,ac390e6c16424ffd3297bf72a1085620433556eaf0c39f53e470bfe5956637a7,3903c60b5ffcab8645fcb176282c962cfda71bc6,37101494544
audit-screens/approved-salah/takbir__celestial_meridian__tablet-portrait__130.png,1600,2560,079d67c4318f5cacfc53b03eddc5663ab38dc902a2184a47dc47978e392aaf12,3903c60b5ffcab8645fcb176282c962cfda71bc6,37101494544
audit-screens/approved-salah/takbir__celestial_meridian__tablet-portrait__130__notes.png,1600,2560,079d67c4318f5cacfc53b03eddc5663ab38dc902a2184a47dc47978e392aaf12,3903c60b5ffcab8645fcb176282c962cfda71bc6,37101494544
audit-screens/approved-salah/takbir__celestial_meridian__tablet-portrait__130__precheck.png,1600,2560,079d67c4318f5cacfc53b03eddc5663ab38dc902a2184a47dc47978e392aaf12,3903c60b5ffcab8645fcb176282c962cfda71bc6,37101494544
audit-screens/approved-salah/takbir__celestial_meridian__tablet-portrait__130__ur.png,1600,2560,483ebc2a08e755539b4d4b127af394be26b80576cf635bf321981bed84ef40fb,3903c60b5ffcab8645fcb176282c962cfda71bc6,37101494544
audit-screens/approved-salah/takbir__celestial_meridian__tablet-portrait__130__ur__notes.png,1600,2560,749593f73f61b34fb1e9cf9be62276d843ccc8acbb6ee096fbae4d8691ed307e,3903c60b5ffcab8645fcb176282c962cfda71bc6,37101494544
audit-screens/approved-salah/takbir__celestial_meridian__tablet-portrait__130__ur__precheck.png,1600,2560,483ebc2a08e755539b4d4b127af394be26b80576cf635bf321981bed84ef40fb,3903c60b5ffcab8645fcb176282c962cfda71bc6,37101494544
audit-screens/approved-salah/takbir__celestial_meridian__tablet-portrait__200.png,1600,2560,4a79273d300b234a45ee07e880a3777c56d7ebc4f83a2c0b8d998f2a89504575,3903c60b5ffcab8645fcb176282c962cfda71bc6,37101494544
audit-screens/approved-salah/takbir__celestial_meridian__tablet-portrait__200__notes.png,1600,2560,aba20704894e5d835f0e5623984e0927117c355139ec0d1f9c1ade8307d59780,3903c60b5ffcab8645fcb176282c962cfda71bc6,37101494544
audit-screens/approved-salah/takbir__celestial_meridian__tablet-portrait__200__precheck.png,1600,2560,4a79273d300b234a45ee07e880a3777c56d7ebc4f83a2c0b8d998f2a89504575,3903c60b5ffcab8645fcb176282c962cfda71bc6,37101494544
audit-screens/approved-salah/takbir__celestial_meridian__tablet-portrait__200__ur.png,1600,2560,ab0d1ad8a914d1c2f805b6d4f1ad817100e2856513b210e5424074e7b3938ac5,3903c60b5ffcab8645fcb176282c962cfda71bc6,37101494544
audit-screens/approved-salah/takbir__celestial_meridian__tablet-portrait__200__ur__notes.png,1600,2560,e6e4d7d755e1508e40293a4e5d4703a44194664851493c958932116d5427051e,3903c60b5ffcab8645fcb176282c962cfda71bc6,37101494544
audit-screens/approved-salah/takbir__celestial_meridian__tablet-portrait__200__ur__precheck.png,1600,2560,ab0d1ad8a914d1c2f805b6d4f1ad817100e2856513b210e5424074e7b3938ac5,3903c60b5ffcab8645fcb176282c962cfda71bc6,37101494544
audit-screens/approved-salah/takbir__kiswah__phone-landscape__100.png,1782,822,557604448dfda415f604d664dbf3ec822e19dc1ca1bf8784fa1fc0530a9834b2,3903c60b5ffcab8645fcb176282c962cfda71bc6,37101494544
audit-screens/approved-salah/takbir__kiswah__phone-landscape__100__notes.png,1782,822,ffd8a4b612b60e35a61fe0db08013ff81c8700614533918f0fe359fce82a6f87,3903c60b5ffcab8645fcb176282c962cfda71bc6,37101494544
audit-screens/approved-salah/takbir__kiswah__phone-landscape__100__precheck.png,1782,822,557604448dfda415f604d664dbf3ec822e19dc1ca1bf8784fa1fc0530a9834b2,3903c60b5ffcab8645fcb176282c962cfda71bc6,37101494544
audit-screens/approved-salah/takbir__kiswah__phone-landscape__100__ur.png,1782,822,e577f22f5db081dfdcf69f87e8ecf50b795d6f1e01d92d34369682f6b9aa2c8a,3903c60b5ffcab8645fcb176282c962cfda71bc6,37101494544
audit-screens/approved-salah/takbir__kiswah__phone-landscape__100__ur__notes.png,1782,822,766023b3d039df5134e0a34fbade5bc090c59facf83450b479fe309fc04105bb,3903c60b5ffcab8645fcb176282c962cfda71bc6,37101494544
audit-screens/approved-salah/takbir__kiswah__phone-landscape__100__ur__precheck.png,1782,822,e577f22f5db081dfdcf69f87e8ecf50b795d6f1e01d92d34369682f6b9aa2c8a,3903c60b5ffcab8645fcb176282c962cfda71bc6,37101494544
audit-screens/approved-salah/takbir__kiswah__phone-landscape__130.png,1782,822,68f4e7f353ce78cfd872aea20b75aa3ed52dab8fe3a922353d611914d517bd9d,3903c60b5ffcab8645fcb176282c962cfda71bc6,37101494544
audit-screens/approved-salah/takbir__kiswah__phone-landscape__130__notes.png,1782,822,d44aa5441195731a17d3c9011c120c45d0d2095347522dd956612c5108bd5e7d,3903c60b5ffcab8645fcb176282c962cfda71bc6,37101494544
audit-screens/approved-salah/takbir__kiswah__phone-landscape__130__precheck.png,1782,822,68f4e7f353ce78cfd872aea20b75aa3ed52dab8fe3a922353d611914d517bd9d,3903c60b5ffcab8645fcb176282c962cfda71bc6,37101494544
audit-screens/approved-salah/takbir__kiswah__phone-landscape__130__ur.png,1782,822,24b02c2cc46cf17eeafbd5e3e566acdb13dec9db38215add0589ccf14b10f302,3903c60b5ffcab8645fcb176282c962cfda71bc6,37101494544
audit-screens/approved-salah/takbir__kiswah__phone-landscape__130__ur__notes.png,1782,822,c46ef69368c138b589e62d29fe17c0e20aea9680209efff9a2241a5be6d8728b,3903c60b5ffcab8645fcb176282c962cfda71bc6,37101494544
audit-screens/approved-salah/takbir__kiswah__phone-landscape__130__ur__precheck.png,1782,822,24b02c2cc46cf17eeafbd5e3e566acdb13dec9db38215add0589ccf14b10f302,3903c60b5ffcab8645fcb176282c962cfda71bc6,37101494544
audit-screens/approved-salah/takbir__kiswah__phone-landscape__200.png,1782,822,e947c9fdf6555fc3ee3e40db485d1757343a28b5c3250c00226e16753f7e87f5,3903c60b5ffcab8645fcb176282c962cfda71bc6,37101494544
audit-screens/approved-salah/takbir__kiswah__phone-landscape__200__notes.png,1782,822,edec2919074c3ac2b097f8c5e2bc6ae384cce0b3254e2420f6f41a855c5de19e,3903c60b5ffcab8645fcb176282c962cfda71bc6,37101494544
audit-screens/approved-salah/takbir__kiswah__phone-landscape__200__precheck.png,1782,822,da8792e2adc9039387063e5355632ebde825097558311fc195c5e0ee66c0de4a,3903c60b5ffcab8645fcb176282c962cfda71bc6,37101494544
audit-screens/approved-salah/takbir__kiswah__phone-landscape__200__ur.png,1782,822,23231aa7f1839976575d9b23344bd4273e4c78fbf6938cae7c116fabcb69120a,3903c60b5ffcab8645fcb176282c962cfda71bc6,37101494544
audit-screens/approved-salah/takbir__kiswah__phone-landscape__200__ur__notes.png,1782,822,e0108e7dbc01c664239dc4eb5c57f04fad6229e5f6ab3d315befad718640b491,3903c60b5ffcab8645fcb176282c962cfda71bc6,37101494544
audit-screens/approved-salah/takbir__kiswah__phone-landscape__200__ur__precheck.png,1782,822,24cf5d19a80e7e41d978c5dd741334b3c0a918294b39f9d0c6bc524ce9eba214,3903c60b5ffcab8645fcb176282c962cfda71bc6,37101494544
audit-screens/approved-salah/takbir__kiswah__phone-portrait__100.png,822,1782,21c33e2ee5fba3f40279a62fbbef37b86b2be1d6480a06c41f729170f567b3cc,3903c60b5ffcab8645fcb176282c962cfda71bc6,37101494544
audit-screens/approved-salah/takbir__kiswah__phone-portrait__100__notes.png,822,1782,28c94f1b75bdd331465477073a17889dcd3ed06dd97bb8c48915c9bdfc9b013d,3903c60b5ffcab8645fcb176282c962cfda71bc6,37101494544
audit-screens/approved-salah/takbir__kiswah__phone-portrait__100__precheck.png,822,1782,21c33e2ee5fba3f40279a62fbbef37b86b2be1d6480a06c41f729170f567b3cc,3903c60b5ffcab8645fcb176282c962cfda71bc6,37101494544
audit-screens/approved-salah/takbir__kiswah__phone-portrait__100__ur.png,822,1782,ba3bc9fff39f1b4622f3dd69aad174bf3fe227fe97461a984caaf848a6f8e441,3903c60b5ffcab8645fcb176282c962cfda71bc6,37101494544
audit-screens/approved-salah/takbir__kiswah__phone-portrait__100__ur__notes.png,822,1782,2fda35c3c7b5aab3c0f9af10e1dfe2df77045c8c1c799fd460f0d60992e805c3,3903c60b5ffcab8645fcb176282c962cfda71bc6,37101494544
audit-screens/approved-salah/takbir__kiswah__phone-portrait__100__ur__precheck.png,822,1782,ba3bc9fff39f1b4622f3dd69aad174bf3fe227fe97461a984caaf848a6f8e441,3903c60b5ffcab8645fcb176282c962cfda71bc6,37101494544
audit-screens/approved-salah/takbir__kiswah__phone-portrait__130.png,822,1782,46c5ecd4d5c05c3d27553a89c9b91267ef1d077133e991527ff832cc6bba5c2b,3903c60b5ffcab8645fcb176282c962cfda71bc6,37101494544
audit-screens/approved-salah/takbir__kiswah__phone-portrait__130__notes.png,822,1782,da77f7fc368c68d305179c3ea908d2d220e4b7a2be4aaac9c33f333ee7cfd72e,3903c60b5ffcab8645fcb176282c962cfda71bc6,37101494544
audit-screens/approved-salah/takbir__kiswah__phone-portrait__130__precheck.png,822,1782,46c5ecd4d5c05c3d27553a89c9b91267ef1d077133e991527ff832cc6bba5c2b,3903c60b5ffcab8645fcb176282c962cfda71bc6,37101494544
audit-screens/approved-salah/takbir__kiswah__phone-portrait__130__ur.png,822,1782,3186f689ff44254607e5f72be50dccda1a2b509c5cc41c382430edd22cedd6a1,3903c60b5ffcab8645fcb176282c962cfda71bc6,37101494544
audit-screens/approved-salah/takbir__kiswah__phone-portrait__130__ur__notes.png,822,1782,d00fc4c884636c0f2d7d9c2af75a828b3c48df8fd27e9b3ce56ce1a758dae58e,3903c60b5ffcab8645fcb176282c962cfda71bc6,37101494544
audit-screens/approved-salah/takbir__kiswah__phone-portrait__130__ur__precheck.png,822,1782,3186f689ff44254607e5f72be50dccda1a2b509c5cc41c382430edd22cedd6a1,3903c60b5ffcab8645fcb176282c962cfda71bc6,37101494544
audit-screens/approved-salah/takbir__kiswah__phone-portrait__200.png,822,1782,24d1b19b8496e8bd6a72e67deffcf955367213e4ce813f7e0077da89674710f1,3903c60b5ffcab8645fcb176282c962cfda71bc6,37101494544
audit-screens/approved-salah/takbir__kiswah__phone-portrait__200__notes.png,822,1782,090b6f44099607bd4cce8cb8769c9b2114a6e3f9963414fbdb21b88e43310ed4,3903c60b5ffcab8645fcb176282c962cfda71bc6,37101494544
audit-screens/approved-salah/takbir__kiswah__phone-portrait__200__precheck.png,822,1782,24d1b19b8496e8bd6a72e67deffcf955367213e4ce813f7e0077da89674710f1,3903c60b5ffcab8645fcb176282c962cfda71bc6,37101494544
audit-screens/approved-salah/takbir__kiswah__phone-portrait__200__ur.png,822,1782,abea080ab3137905a873c18fb99259685f8a9afa9633d11bc5b37582c1df2af3,3903c60b5ffcab8645fcb176282c962cfda71bc6,37101494544
audit-screens/approved-salah/takbir__kiswah__phone-portrait__200__ur__notes.png,822,1782,54c2d29a0cdc9aa80e073e363e91bf8716ceeebe640cf3946fb4b3c88a70bfff,3903c60b5ffcab8645fcb176282c962cfda71bc6,37101494544
audit-screens/approved-salah/takbir__kiswah__phone-portrait__200__ur__precheck.png,822,1782,abea080ab3137905a873c18fb99259685f8a9afa9633d11bc5b37582c1df2af3,3903c60b5ffcab8645fcb176282c962cfda71bc6,37101494544
audit-screens/approved-salah/takbir__kiswah__tablet-landscape__100.png,2560,1600,b4a071a31f5f1a099d87ae68a69cd46c5cfb727df07414bc722941603573e952,3903c60b5ffcab8645fcb176282c962cfda71bc6,37101494544
audit-screens/approved-salah/takbir__kiswah__tablet-landscape__100__notes.png,2560,1600,b4a071a31f5f1a099d87ae68a69cd46c5cfb727df07414bc722941603573e952,3903c60b5ffcab8645fcb176282c962cfda71bc6,37101494544
audit-screens/approved-salah/takbir__kiswah__tablet-landscape__100__precheck.png,2560,1600,b4a071a31f5f1a099d87ae68a69cd46c5cfb727df07414bc722941603573e952,3903c60b5ffcab8645fcb176282c962cfda71bc6,37101494544
audit-screens/approved-salah/takbir__kiswah__tablet-landscape__100__ur.png,2560,1600,8e0937957a685e6a14872e0a2ee43e3ec42567f05774678d73c0374e6e0c7431,3903c60b5ffcab8645fcb176282c962cfda71bc6,37101494544
audit-screens/approved-salah/takbir__kiswah__tablet-landscape__100__ur__notes.png,2560,1600,9057cab83e401f4a8c4514cee78231ec3bcf21c1a76eea5af4ec0f2bfe7e5ae0,3903c60b5ffcab8645fcb176282c962cfda71bc6,37101494544
audit-screens/approved-salah/takbir__kiswah__tablet-landscape__100__ur__precheck.png,2560,1600,8e0937957a685e6a14872e0a2ee43e3ec42567f05774678d73c0374e6e0c7431,3903c60b5ffcab8645fcb176282c962cfda71bc6,37101494544
audit-screens/approved-salah/takbir__kiswah__tablet-landscape__130.png,2560,1600,5beb90e35583fff72bc887941271cc2ef25a3d0e945667676a434dbaa6a87c48,3903c60b5ffcab8645fcb176282c962cfda71bc6,37101494544
audit-screens/approved-salah/takbir__kiswah__tablet-landscape__130__notes.png,2560,1600,5beb90e35583fff72bc887941271cc2ef25a3d0e945667676a434dbaa6a87c48,3903c60b5ffcab8645fcb176282c962cfda71bc6,37101494544
audit-screens/approved-salah/takbir__kiswah__tablet-landscape__130__precheck.png,2560,1600,5beb90e35583fff72bc887941271cc2ef25a3d0e945667676a434dbaa6a87c48,3903c60b5ffcab8645fcb176282c962cfda71bc6,37101494544
audit-screens/approved-salah/takbir__kiswah__tablet-landscape__130__ur.png,2560,1600,2e8b314cdddd263aa923a26914f93a1da6db10b5f96722047447a42480c3ae66,3903c60b5ffcab8645fcb176282c962cfda71bc6,37101494544
audit-screens/approved-salah/takbir__kiswah__tablet-landscape__130__ur__notes.png,2560,1600,04901e77c8f64e271434fe5a1d61f96922698b025c266bdb65dd6d0364c09a2c,3903c60b5ffcab8645fcb176282c962cfda71bc6,37101494544
audit-screens/approved-salah/takbir__kiswah__tablet-landscape__130__ur__precheck.png,2560,1600,2e8b314cdddd263aa923a26914f93a1da6db10b5f96722047447a42480c3ae66,3903c60b5ffcab8645fcb176282c962cfda71bc6,37101494544
audit-screens/approved-salah/takbir__kiswah__tablet-landscape__200.png,2560,1600,e98a7fe4a9dcb1bb4cc42bf3eed1f97326dceb428353a80f6946e33cb3227376,3903c60b5ffcab8645fcb176282c962cfda71bc6,37101494544
audit-screens/approved-salah/takbir__kiswah__tablet-landscape__200__notes.png,2560,1600,ae854c551cd81717778913df75a95c724d2579d76865112413378bddb4c31741,3903c60b5ffcab8645fcb176282c962cfda71bc6,37101494544
audit-screens/approved-salah/takbir__kiswah__tablet-landscape__200__precheck.png,2560,1600,e98a7fe4a9dcb1bb4cc42bf3eed1f97326dceb428353a80f6946e33cb3227376,3903c60b5ffcab8645fcb176282c962cfda71bc6,37101494544
audit-screens/approved-salah/takbir__kiswah__tablet-landscape__200__ur.png,2560,1600,edc71eedfa7cc6b3bda3bd35eaaa79085273370faf88f6bd78b534bab12c9e6e,3903c60b5ffcab8645fcb176282c962cfda71bc6,37101494544
audit-screens/approved-salah/takbir__kiswah__tablet-landscape__200__ur__notes.png,2560,1600,7a57c6c594510f3f760eb6d143ae098f3f8b8663fa3365b542a3f08a253eb0b0,3903c60b5ffcab8645fcb176282c962cfda71bc6,37101494544
audit-screens/approved-salah/takbir__kiswah__tablet-landscape__200__ur__precheck.png,2560,1600,edc71eedfa7cc6b3bda3bd35eaaa79085273370faf88f6bd78b534bab12c9e6e,3903c60b5ffcab8645fcb176282c962cfda71bc6,37101494544
audit-screens/approved-salah/takbir__kiswah__tablet-portrait__100.png,1600,2560,aefa0b1c76369d18ebb5a3fad018c634ba8a01b111cd4e57cbc3f4526bb00b29,3903c60b5ffcab8645fcb176282c962cfda71bc6,37101494544
audit-screens/approved-salah/takbir__kiswah__tablet-portrait__100__notes.png,1600,2560,aefa0b1c76369d18ebb5a3fad018c634ba8a01b111cd4e57cbc3f4526bb00b29,3903c60b5ffcab8645fcb176282c962cfda71bc6,37101494544
audit-screens/approved-salah/takbir__kiswah__tablet-portrait__100__precheck.png,1600,2560,aefa0b1c76369d18ebb5a3fad018c634ba8a01b111cd4e57cbc3f4526bb00b29,3903c60b5ffcab8645fcb176282c962cfda71bc6,37101494544
audit-screens/approved-salah/takbir__kiswah__tablet-portrait__100__ur.png,1600,2560,165dc8701fa4c7da71e75bc14120319f654c0b8a379baf5bc40a85749bb4a6d3,3903c60b5ffcab8645fcb176282c962cfda71bc6,37101494544
audit-screens/approved-salah/takbir__kiswah__tablet-portrait__100__ur__notes.png,1600,2560,165dc8701fa4c7da71e75bc14120319f654c0b8a379baf5bc40a85749bb4a6d3,3903c60b5ffcab8645fcb176282c962cfda71bc6,37101494544
audit-screens/approved-salah/takbir__kiswah__tablet-portrait__100__ur__precheck.png,1600,2560,165dc8701fa4c7da71e75bc14120319f654c0b8a379baf5bc40a85749bb4a6d3,3903c60b5ffcab8645fcb176282c962cfda71bc6,37101494544
audit-screens/approved-salah/takbir__kiswah__tablet-portrait__130.png,1600,2560,1003d1ed7bacd67cf8f6983b0600be691183a7bbd895876d1fcd969cb6b47aa6,3903c60b5ffcab8645fcb176282c962cfda71bc6,37101494544
audit-screens/approved-salah/takbir__kiswah__tablet-portrait__130__notes.png,1600,2560,1003d1ed7bacd67cf8f6983b0600be691183a7bbd895876d1fcd969cb6b47aa6,3903c60b5ffcab8645fcb176282c962cfda71bc6,37101494544
audit-screens/approved-salah/takbir__kiswah__tablet-portrait__130__precheck.png,1600,2560,1003d1ed7bacd67cf8f6983b0600be691183a7bbd895876d1fcd969cb6b47aa6,3903c60b5ffcab8645fcb176282c962cfda71bc6,37101494544
audit-screens/approved-salah/takbir__kiswah__tablet-portrait__130__ur.png,1600,2560,a0cab4d28658fa841b5ba7abe65668251bd8e3c1ccec4ee0121a498f26a529c2,3903c60b5ffcab8645fcb176282c962cfda71bc6,37101494544
audit-screens/approved-salah/takbir__kiswah__tablet-portrait__130__ur__notes.png,1600,2560,5388ef59259e54f15ba88a8b715874dfe3c5bedf3a790ad8ce74f8c3cbcabca2,3903c60b5ffcab8645fcb176282c962cfda71bc6,37101494544
audit-screens/approved-salah/takbir__kiswah__tablet-portrait__130__ur__precheck.png,1600,2560,a0cab4d28658fa841b5ba7abe65668251bd8e3c1ccec4ee0121a498f26a529c2,3903c60b5ffcab8645fcb176282c962cfda71bc6,37101494544
audit-screens/approved-salah/takbir__kiswah__tablet-portrait__200.png,1600,2560,a2f80f8229c3eb9ab3b4ec03fc249bac68a4aa8d925f48cb8fb0af458feddd53,3903c60b5ffcab8645fcb176282c962cfda71bc6,37101494544
audit-screens/approved-salah/takbir__kiswah__tablet-portrait__200__notes.png,1600,2560,935d632eae59154171cef5d8154b2720b47f2236391d3d357a4f9843a77e5737,3903c60b5ffcab8645fcb176282c962cfda71bc6,37101494544
audit-screens/approved-salah/takbir__kiswah__tablet-portrait__200__precheck.png,1600,2560,a2f80f8229c3eb9ab3b4ec03fc249bac68a4aa8d925f48cb8fb0af458feddd53,3903c60b5ffcab8645fcb176282c962cfda71bc6,37101494544
audit-screens/approved-salah/takbir__kiswah__tablet-portrait__200__ur.png,1600,2560,7b9bc68138ea441599db1b739db759a47cd7524294c94a8c80d92a66261be48c,3903c60b5ffcab8645fcb176282c962cfda71bc6,37101494544
audit-screens/approved-salah/takbir__kiswah__tablet-portrait__200__ur__notes.png,1600,2560,ec58dacb361c84f2ce984fa5a8c82b0c1dba8a19ffa19e2aa9e46747147fd28e,3903c60b5ffcab8645fcb176282c962cfda71bc6,37101494544
audit-screens/approved-salah/takbir__kiswah__tablet-portrait__200__ur__precheck.png,1600,2560,7b9bc68138ea441599db1b739db759a47cd7524294c94a8c80d92a66261be48c,3903c60b5ffcab8645fcb176282c962cfda71bc6,37101494544
audit-screens/approved-salah/takbir__miqaat__phone-landscape__100.png,1782,822,e1df9624d07b851a200085c72de35adbcce94ea95d1a2fd35cdcd0eddc4646f4,3903c60b5ffcab8645fcb176282c962cfda71bc6,37101494544
audit-screens/approved-salah/takbir__miqaat__phone-landscape__100__notes.png,1782,822,b81ff8396b5ad2c0d31f8140f6486299a381da316df1dbf3323556e3ca54c085,3903c60b5ffcab8645fcb176282c962cfda71bc6,37101494544
audit-screens/approved-salah/takbir__miqaat__phone-landscape__100__precheck.png,1782,822,e1df9624d07b851a200085c72de35adbcce94ea95d1a2fd35cdcd0eddc4646f4,3903c60b5ffcab8645fcb176282c962cfda71bc6,37101494544
audit-screens/approved-salah/takbir__miqaat__phone-landscape__100__ur.png,1782,822,9b07b8b77c09bbbd941b6784d3dc0ccc24371c8489b481918fd3556f106ce54c,3903c60b5ffcab8645fcb176282c962cfda71bc6,37101494544
audit-screens/approved-salah/takbir__miqaat__phone-landscape__100__ur__notes.png,1782,822,aa95e57dd06c27436108be684703d31a63820ed6919f098bb0f9d0869fe3faff,3903c60b5ffcab8645fcb176282c962cfda71bc6,37101494544
audit-screens/approved-salah/takbir__miqaat__phone-landscape__100__ur__precheck.png,1782,822,9b07b8b77c09bbbd941b6784d3dc0ccc24371c8489b481918fd3556f106ce54c,3903c60b5ffcab8645fcb176282c962cfda71bc6,37101494544
audit-screens/approved-salah/takbir__miqaat__phone-landscape__130.png,1782,822,4a5856e86205dab03702bd99d952704811749fd49b7e2065ce96778d836dd59c,3903c60b5ffcab8645fcb176282c962cfda71bc6,37101494544
audit-screens/approved-salah/takbir__miqaat__phone-landscape__130__notes.png,1782,822,05ab22a8e0f4b5a8623bf7683cbdaea52ce9a60d8feca0edd0eb3f8e8c22107e,3903c60b5ffcab8645fcb176282c962cfda71bc6,37101494544
audit-screens/approved-salah/takbir__miqaat__phone-landscape__130__precheck.png,1782,822,4a5856e86205dab03702bd99d952704811749fd49b7e2065ce96778d836dd59c,3903c60b5ffcab8645fcb176282c962cfda71bc6,37101494544
audit-screens/approved-salah/takbir__miqaat__phone-landscape__130__ur.png,1782,822,4df244752d47c3379805de0e78ac557cb75427a3f69519158d03ce09188c22fe,3903c60b5ffcab8645fcb176282c962cfda71bc6,37101494544
audit-screens/approved-salah/takbir__miqaat__phone-landscape__130__ur__notes.png,1782,822,9c67cdaa2bbbd6832dddf50ef7ea902746eb36cb9c440241c1463d0a2dd366a4,3903c60b5ffcab8645fcb176282c962cfda71bc6,37101494544
audit-screens/approved-salah/takbir__miqaat__phone-landscape__130__ur__precheck.png,1782,822,4df244752d47c3379805de0e78ac557cb75427a3f69519158d03ce09188c22fe,3903c60b5ffcab8645fcb176282c962cfda71bc6,37101494544
audit-screens/approved-salah/takbir__miqaat__phone-landscape__200.png,1782,822,3862fae8112914ead2d2b0622e243423c5f073b7e502b8868c9afd9e30105327,3903c60b5ffcab8645fcb176282c962cfda71bc6,37101494544
audit-screens/approved-salah/takbir__miqaat__phone-landscape__200__notes.png,1782,822,28fe573c3812fe4022c015b2285c78e53ef47e1fb3719c06ac1ee54a66be4242,3903c60b5ffcab8645fcb176282c962cfda71bc6,37101494544
audit-screens/approved-salah/takbir__miqaat__phone-landscape__200__precheck.png,1782,822,31b415f024c1c60fa5f9ce32210894dbefa16d72e2f61f5f857ca65452504702,3903c60b5ffcab8645fcb176282c962cfda71bc6,37101494544
audit-screens/approved-salah/takbir__miqaat__phone-landscape__200__ur.png,1782,822,1c7ea521655018df41c68514bff407550fdc4eef8f2163902cd525e0c8a9de93,3903c60b5ffcab8645fcb176282c962cfda71bc6,37101494544
audit-screens/approved-salah/takbir__miqaat__phone-landscape__200__ur__notes.png,1782,822,eeeab626d6f8814855c2486ea0452eee4f86c9f4e77eab9bfc2d9ef603e3c6f6,3903c60b5ffcab8645fcb176282c962cfda71bc6,37101494544
audit-screens/approved-salah/takbir__miqaat__phone-landscape__200__ur__precheck.png,1782,822,48a9515702b91aed6295b74e29b8d64716814e912a85ede02cea519df1354046,3903c60b5ffcab8645fcb176282c962cfda71bc6,37101494544
audit-screens/approved-salah/takbir__miqaat__phone-portrait__100.png,822,1782,87d74b1733c61984d5d5ec8fe0b0dd3e3229c5ccb5573662a133417975dea054,3903c60b5ffcab8645fcb176282c962cfda71bc6,37101494544
audit-screens/approved-salah/takbir__miqaat__phone-portrait__100__notes.png,822,1782,22ddfee8ff211862e8239ff5f757db57cc1640a190f337ece1384571853991ef,3903c60b5ffcab8645fcb176282c962cfda71bc6,37101494544
audit-screens/approved-salah/takbir__miqaat__phone-portrait__100__precheck.png,822,1782,87d74b1733c61984d5d5ec8fe0b0dd3e3229c5ccb5573662a133417975dea054,3903c60b5ffcab8645fcb176282c962cfda71bc6,37101494544
audit-screens/approved-salah/takbir__miqaat__phone-portrait__100__ur.png,822,1782,254338c5020252ad8b006a5b57221111d6555cecd111d82717262de9b611e743,3903c60b5ffcab8645fcb176282c962cfda71bc6,37101494544
audit-screens/approved-salah/takbir__miqaat__phone-portrait__100__ur__notes.png,822,1782,5b0a6d0bde76fe34ec5cfef965103e7b7a80fb53b58514fa427de825bef6810a,3903c60b5ffcab8645fcb176282c962cfda71bc6,37101494544
audit-screens/approved-salah/takbir__miqaat__phone-portrait__100__ur__precheck.png,822,1782,254338c5020252ad8b006a5b57221111d6555cecd111d82717262de9b611e743,3903c60b5ffcab8645fcb176282c962cfda71bc6,37101494544
audit-screens/approved-salah/takbir__miqaat__phone-portrait__130.png,822,1782,ba1d409abb36e8ba50122f3db3be131ba14ed5cd167a0c19f7e9024228c86570,3903c60b5ffcab8645fcb176282c962cfda71bc6,37101494544
audit-screens/approved-salah/takbir__miqaat__phone-portrait__130__notes.png,822,1782,562cd28672fe99868dfa83996f8a0f332e4ce2fded672f07e5f5175a767a8b46,3903c60b5ffcab8645fcb176282c962cfda71bc6,37101494544
audit-screens/approved-salah/takbir__miqaat__phone-portrait__130__precheck.png,822,1782,ba1d409abb36e8ba50122f3db3be131ba14ed5cd167a0c19f7e9024228c86570,3903c60b5ffcab8645fcb176282c962cfda71bc6,37101494544
audit-screens/approved-salah/takbir__miqaat__phone-portrait__130__ur.png,822,1782,fc70170be95603eb675306679f644c25d9764abdfc505fab6b0c4b0a0b4b9503,3903c60b5ffcab8645fcb176282c962cfda71bc6,37101494544
audit-screens/approved-salah/takbir__miqaat__phone-portrait__130__ur__notes.png,822,1782,d07fb8db0688d0a13513c10905ad447ad6c7d83288b923e58ba3314d72bd8293,3903c60b5ffcab8645fcb176282c962cfda71bc6,37101494544
audit-screens/approved-salah/takbir__miqaat__phone-portrait__130__ur__precheck.png,822,1782,fc70170be95603eb675306679f644c25d9764abdfc505fab6b0c4b0a0b4b9503,3903c60b5ffcab8645fcb176282c962cfda71bc6,37101494544
audit-screens/approved-salah/takbir__miqaat__phone-portrait__200.png,822,1782,8fb458856839bcaa8262616cf6dbea002a34c5042f91539b1b9f5b8692312c63,3903c60b5ffcab8645fcb176282c962cfda71bc6,37101494544
audit-screens/approved-salah/takbir__miqaat__phone-portrait__200__notes.png,822,1782,56edaaebcf7e2208a0d247eb1e2ae63c206d10b31f7e9820443d2f8ea633fde3,3903c60b5ffcab8645fcb176282c962cfda71bc6,37101494544
audit-screens/approved-salah/takbir__miqaat__phone-portrait__200__precheck.png,822,1782,8fb458856839bcaa8262616cf6dbea002a34c5042f91539b1b9f5b8692312c63,3903c60b5ffcab8645fcb176282c962cfda71bc6,37101494544
audit-screens/approved-salah/takbir__miqaat__phone-portrait__200__ur.png,822,1782,cc2aa645bb6cfdeb5b293786c6c8854e906bd2375622c724131ff7e912f7db81,3903c60b5ffcab8645fcb176282c962cfda71bc6,37101494544
audit-screens/approved-salah/takbir__miqaat__phone-portrait__200__ur__notes.png,822,1782,7e2e504e018dc8da1a9dfec4e2c993ce6f6cf124a079ec8966907cf0a1b3e653,3903c60b5ffcab8645fcb176282c962cfda71bc6,37101494544
audit-screens/approved-salah/takbir__miqaat__phone-portrait__200__ur__precheck.png,822,1782,cc2aa645bb6cfdeb5b293786c6c8854e906bd2375622c724131ff7e912f7db81,3903c60b5ffcab8645fcb176282c962cfda71bc6,37101494544
audit-screens/approved-salah/takbir__miqaat__tablet-landscape__100.png,2560,1600,fde50ce9d3865085aa4aa54cba35e7e19ef59f6079619980a7cd1d4edae07ca9,3903c60b5ffcab8645fcb176282c962cfda71bc6,37101494544
audit-screens/approved-salah/takbir__miqaat__tablet-landscape__100__notes.png,2560,1600,fde50ce9d3865085aa4aa54cba35e7e19ef59f6079619980a7cd1d4edae07ca9,3903c60b5ffcab8645fcb176282c962cfda71bc6,37101494544
audit-screens/approved-salah/takbir__miqaat__tablet-landscape__100__precheck.png,2560,1600,fde50ce9d3865085aa4aa54cba35e7e19ef59f6079619980a7cd1d4edae07ca9,3903c60b5ffcab8645fcb176282c962cfda71bc6,37101494544
audit-screens/approved-salah/takbir__miqaat__tablet-landscape__100__ur.png,2560,1600,65aea24bbfcf4f5bb10cb0847c35cbd40beb1709fbc2f02d8e6a1f4df4093e16,3903c60b5ffcab8645fcb176282c962cfda71bc6,37101494544
audit-screens/approved-salah/takbir__miqaat__tablet-landscape__100__ur__notes.png,2560,1600,fbd8a76150f340bb886d46a34be5bcb450b122864ff39662084cfa97bd7dc88b,3903c60b5ffcab8645fcb176282c962cfda71bc6,37101494544
audit-screens/approved-salah/takbir__miqaat__tablet-landscape__100__ur__precheck.png,2560,1600,65aea24bbfcf4f5bb10cb0847c35cbd40beb1709fbc2f02d8e6a1f4df4093e16,3903c60b5ffcab8645fcb176282c962cfda71bc6,37101494544
audit-screens/approved-salah/takbir__miqaat__tablet-landscape__130.png,2560,1600,9258bd57a09d962368fbff180e6f019b9183095ddc0a4a4b0412b3ec60af96bc,3903c60b5ffcab8645fcb176282c962cfda71bc6,37101494544
audit-screens/approved-salah/takbir__miqaat__tablet-landscape__130__notes.png,2560,1600,9258bd57a09d962368fbff180e6f019b9183095ddc0a4a4b0412b3ec60af96bc,3903c60b5ffcab8645fcb176282c962cfda71bc6,37101494544
audit-screens/approved-salah/takbir__miqaat__tablet-landscape__130__precheck.png,2560,1600,9258bd57a09d962368fbff180e6f019b9183095ddc0a4a4b0412b3ec60af96bc,3903c60b5ffcab8645fcb176282c962cfda71bc6,37101494544
audit-screens/approved-salah/takbir__miqaat__tablet-landscape__130__ur.png,2560,1600,4006916e08d24a1e697cfc8bd189effc5118269a1139c798d4ef7ded3ca561de,3903c60b5ffcab8645fcb176282c962cfda71bc6,37101494544
audit-screens/approved-salah/takbir__miqaat__tablet-landscape__130__ur__notes.png,2560,1600,b6c4fc013d797d5a1d75692b6804a32821c0a8bee425ddb4ebaf0790112e207d,3903c60b5ffcab8645fcb176282c962cfda71bc6,37101494544
audit-screens/approved-salah/takbir__miqaat__tablet-landscape__130__ur__precheck.png,2560,1600,4006916e08d24a1e697cfc8bd189effc5118269a1139c798d4ef7ded3ca561de,3903c60b5ffcab8645fcb176282c962cfda71bc6,37101494544
audit-screens/approved-salah/takbir__miqaat__tablet-landscape__200.png,2560,1600,16f09dc61293e0c8ebb4e49715b83801cd556d146373c9d48b47dc291bbbb7ed,3903c60b5ffcab8645fcb176282c962cfda71bc6,37101494544
audit-screens/approved-salah/takbir__miqaat__tablet-landscape__200__notes.png,2560,1600,d2bca9ffd017e17cd3d9ad9ac06fc668bc059d0fa3d89e34ad7b54fb236a0387,3903c60b5ffcab8645fcb176282c962cfda71bc6,37101494544
audit-screens/approved-salah/takbir__miqaat__tablet-landscape__200__precheck.png,2560,1600,16f09dc61293e0c8ebb4e49715b83801cd556d146373c9d48b47dc291bbbb7ed,3903c60b5ffcab8645fcb176282c962cfda71bc6,37101494544
audit-screens/approved-salah/takbir__miqaat__tablet-landscape__200__ur.png,2560,1600,a30d8b0c0fd865661d527edfc2182e1a5dc5caaf7e566f268a9069f5f475f983,3903c60b5ffcab8645fcb176282c962cfda71bc6,37101494544
audit-screens/approved-salah/takbir__miqaat__tablet-landscape__200__ur__notes.png,2560,1600,ee83658fdb6b89d019cf04ba2dd10cc0c048a86d2f37ee6916524a1da77e3350,3903c60b5ffcab8645fcb176282c962cfda71bc6,37101494544
audit-screens/approved-salah/takbir__miqaat__tablet-landscape__200__ur__precheck.png,2560,1600,a30d8b0c0fd865661d527edfc2182e1a5dc5caaf7e566f268a9069f5f475f983,3903c60b5ffcab8645fcb176282c962cfda71bc6,37101494544
audit-screens/approved-salah/takbir__miqaat__tablet-portrait__100.png,1600,2560,4c970fe16dc012a96fc1f30f48f0b07c17397e3bae4c5134e33cc194c1cf1500,3903c60b5ffcab8645fcb176282c962cfda71bc6,37101494544
audit-screens/approved-salah/takbir__miqaat__tablet-portrait__100__notes.png,1600,2560,4c970fe16dc012a96fc1f30f48f0b07c17397e3bae4c5134e33cc194c1cf1500,3903c60b5ffcab8645fcb176282c962cfda71bc6,37101494544
audit-screens/approved-salah/takbir__miqaat__tablet-portrait__100__precheck.png,1600,2560,4c970fe16dc012a96fc1f30f48f0b07c17397e3bae4c5134e33cc194c1cf1500,3903c60b5ffcab8645fcb176282c962cfda71bc6,37101494544
audit-screens/approved-salah/takbir__miqaat__tablet-portrait__100__ur.png,1600,2560,e63f70d73bac79a0e57add79cca9c548c177ed290338a5396882d59f15b990ce,3903c60b5ffcab8645fcb176282c962cfda71bc6,37101494544
audit-screens/approved-salah/takbir__miqaat__tablet-portrait__100__ur__notes.png,1600,2560,74ff46b8657c9b49bfd8220949e292c9015eba75a7ffc4d1c679246893443681,3903c60b5ffcab8645fcb176282c962cfda71bc6,37101494544
audit-screens/approved-salah/takbir__miqaat__tablet-portrait__100__ur__precheck.png,1600,2560,e63f70d73bac79a0e57add79cca9c548c177ed290338a5396882d59f15b990ce,3903c60b5ffcab8645fcb176282c962cfda71bc6,37101494544
audit-screens/approved-salah/takbir__miqaat__tablet-portrait__130.png,1600,2560,1fcdd23008cd68ad7fa5d490f8f1c709ee3bb7edbc67c7b5a25fd9d59f709ce6,3903c60b5ffcab8645fcb176282c962cfda71bc6,37101494544
audit-screens/approved-salah/takbir__miqaat__tablet-portrait__130__notes.png,1600,2560,1fcdd23008cd68ad7fa5d490f8f1c709ee3bb7edbc67c7b5a25fd9d59f709ce6,3903c60b5ffcab8645fcb176282c962cfda71bc6,37101494544
audit-screens/approved-salah/takbir__miqaat__tablet-portrait__130__precheck.png,1600,2560,1fcdd23008cd68ad7fa5d490f8f1c709ee3bb7edbc67c7b5a25fd9d59f709ce6,3903c60b5ffcab8645fcb176282c962cfda71bc6,37101494544
audit-screens/approved-salah/takbir__miqaat__tablet-portrait__130__ur.png,1600,2560,cb773c02f1976290a9b4deaefd51516cd267cf690f1e26bc4c11004f87c9abfe,3903c60b5ffcab8645fcb176282c962cfda71bc6,37101494544
audit-screens/approved-salah/takbir__miqaat__tablet-portrait__130__ur__notes.png,1600,2560,bfbd4e5a691abb3d13992a3c40b019f12018e858ced2ce3fe947e7f1f5bb89af,3903c60b5ffcab8645fcb176282c962cfda71bc6,37101494544
audit-screens/approved-salah/takbir__miqaat__tablet-portrait__130__ur__precheck.png,1600,2560,cb773c02f1976290a9b4deaefd51516cd267cf690f1e26bc4c11004f87c9abfe,3903c60b5ffcab8645fcb176282c962cfda71bc6,37101494544
audit-screens/approved-salah/takbir__miqaat__tablet-portrait__200.png,1600,2560,10575d85162d8381639163d468df3fd225a6a938ce5bbecacb6ac79f3b37e235,3903c60b5ffcab8645fcb176282c962cfda71bc6,37101494544
audit-screens/approved-salah/takbir__miqaat__tablet-portrait__200__notes.png,1600,2560,9aafb7471935343f310331c737ab05494ee6c380b2b87f00350f70b81439a7d3,3903c60b5ffcab8645fcb176282c962cfda71bc6,37101494544
audit-screens/approved-salah/takbir__miqaat__tablet-portrait__200__precheck.png,1600,2560,10575d85162d8381639163d468df3fd225a6a938ce5bbecacb6ac79f3b37e235,3903c60b5ffcab8645fcb176282c962cfda71bc6,37101494544
audit-screens/approved-salah/takbir__miqaat__tablet-portrait__200__ur.png,1600,2560,aa8b40f6ad3f38530060ebc29d424a97cedf83ecfd7ae5b955d3e06611df4119,3903c60b5ffcab8645fcb176282c962cfda71bc6,37101494544
audit-screens/approved-salah/takbir__miqaat__tablet-portrait__200__ur__notes.png,1600,2560,ba8bb2022ce84297c0d3e48b1173ef42bd8588f65d476dc0a1b2bf1068d21b1f,3903c60b5ffcab8645fcb176282c962cfda71bc6,37101494544
audit-screens/approved-salah/takbir__miqaat__tablet-portrait__200__ur__precheck.png,1600,2560,aa8b40f6ad3f38530060ebc29d424a97cedf83ecfd7ae5b955d3e06611df4119,3903c60b5ffcab8645fcb176282c962cfda71bc6,37101494544
audit-screens/approved-salah/takbir__prayer_gallery__phone-landscape__100.png,1782,822,e8eb2a447a3b93902d3aa129494a37bb0c4b2eb225e279991365d9c9338b6ffa,3903c60b5ffcab8645fcb176282c962cfda71bc6,37101494544
audit-screens/approved-salah/takbir__prayer_gallery__phone-landscape__100__notes.png,1782,822,fc664f9c4c375501a5885fed251e1db1c0f0bbc4c429ae3fc785f726143b4794,3903c60b5ffcab8645fcb176282c962cfda71bc6,37101494544
audit-screens/approved-salah/takbir__prayer_gallery__phone-landscape__100__precheck.png,1782,822,e8eb2a447a3b93902d3aa129494a37bb0c4b2eb225e279991365d9c9338b6ffa,3903c60b5ffcab8645fcb176282c962cfda71bc6,37101494544
audit-screens/approved-salah/takbir__prayer_gallery__phone-landscape__100__ur.png,1782,822,eda03a8f5d87be2278ddb29d38b433f54718b6ac74f7bcfa95db846cd6b7aa05,3903c60b5ffcab8645fcb176282c962cfda71bc6,37101494544
audit-screens/approved-salah/takbir__prayer_gallery__phone-landscape__100__ur__notes.png,1782,822,27761b4ab9e7362cb2ef309563908c06b2da1d8fc413ba826b471e4c29cb7003,3903c60b5ffcab8645fcb176282c962cfda71bc6,37101494544
audit-screens/approved-salah/takbir__prayer_gallery__phone-landscape__100__ur__precheck.png,1782,822,eda03a8f5d87be2278ddb29d38b433f54718b6ac74f7bcfa95db846cd6b7aa05,3903c60b5ffcab8645fcb176282c962cfda71bc6,37101494544
audit-screens/approved-salah/takbir__prayer_gallery__phone-landscape__130.png,1782,822,11ab564eddc4a31fd82316c67b2777b14613c1ca26f1dd34d2c0a70d2f5147ac,3903c60b5ffcab8645fcb176282c962cfda71bc6,37101494544
audit-screens/approved-salah/takbir__prayer_gallery__phone-landscape__130__notes.png,1782,822,374a2a4a8fd03e4da6ac4968bea640ba23580513c9e5458184afda28b2597bcc,3903c60b5ffcab8645fcb176282c962cfda71bc6,37101494544
audit-screens/approved-salah/takbir__prayer_gallery__phone-landscape__130__precheck.png,1782,822,11ab564eddc4a31fd82316c67b2777b14613c1ca26f1dd34d2c0a70d2f5147ac,3903c60b5ffcab8645fcb176282c962cfda71bc6,37101494544
audit-screens/approved-salah/takbir__prayer_gallery__phone-landscape__130__ur.png,1782,822,d497bfc05889073a381620d23c1e699672765ee7026740153e5d0d3e86408719,3903c60b5ffcab8645fcb176282c962cfda71bc6,37101494544
audit-screens/approved-salah/takbir__prayer_gallery__phone-landscape__130__ur__notes.png,1782,822,135f58e2ed258486eed8b544ac852c031851139d32d1de695d99deabc7455bf8,3903c60b5ffcab8645fcb176282c962cfda71bc6,37101494544
audit-screens/approved-salah/takbir__prayer_gallery__phone-landscape__130__ur__precheck.png,1782,822,d497bfc05889073a381620d23c1e699672765ee7026740153e5d0d3e86408719,3903c60b5ffcab8645fcb176282c962cfda71bc6,37101494544
audit-screens/approved-salah/takbir__prayer_gallery__phone-landscape__200.png,1782,822,750476d79a3575f9260124461e13d5964d6d95658763a0a67c1a8bd164d961cb,3903c60b5ffcab8645fcb176282c962cfda71bc6,37101494544
audit-screens/approved-salah/takbir__prayer_gallery__phone-landscape__200__notes.png,1782,822,f55f0ad57a6278b9a24e2f0f3037b9b972292d076ec210b0d1e5d645260a2744,3903c60b5ffcab8645fcb176282c962cfda71bc6,37101494544
audit-screens/approved-salah/takbir__prayer_gallery__phone-landscape__200__precheck.png,1782,822,15fdd5511d9819adda6637321eaa497a6ea4d1a36c5108e420320914a0bd9adf,3903c60b5ffcab8645fcb176282c962cfda71bc6,37101494544
audit-screens/approved-salah/takbir__prayer_gallery__phone-landscape__200__ur.png,1782,822,9f9a5e939739199be609c4fee6a41a617ef372176f6ad2ba8c2b76afb81260fc,3903c60b5ffcab8645fcb176282c962cfda71bc6,37101494544
audit-screens/approved-salah/takbir__prayer_gallery__phone-landscape__200__ur__notes.png,1782,822,16d01deaa59843a6757ace509d54ecc654ed7229c98dc352a0c9d49b726878eb,3903c60b5ffcab8645fcb176282c962cfda71bc6,37101494544
audit-screens/approved-salah/takbir__prayer_gallery__phone-landscape__200__ur__precheck.png,1782,822,d061ec816a46a3257501c80ff16eaa5be0651a5b66921a1d3c458c049a8b7330,3903c60b5ffcab8645fcb176282c962cfda71bc6,37101494544
audit-screens/approved-salah/takbir__prayer_gallery__phone-portrait__100.png,822,1782,e92c777074fed1d606ebe230e584378dc7d81a03f3ba514fb6d846d627b91a92,3903c60b5ffcab8645fcb176282c962cfda71bc6,37101494544
audit-screens/approved-salah/takbir__prayer_gallery__phone-portrait__100__notes.png,822,1782,e0430c966857e2f30f1890ea75896acecf05a9a16554da324474a7908a31673d,3903c60b5ffcab8645fcb176282c962cfda71bc6,37101494544
audit-screens/approved-salah/takbir__prayer_gallery__phone-portrait__100__precheck.png,822,1782,e92c777074fed1d606ebe230e584378dc7d81a03f3ba514fb6d846d627b91a92,3903c60b5ffcab8645fcb176282c962cfda71bc6,37101494544
audit-screens/approved-salah/takbir__prayer_gallery__phone-portrait__100__ur.png,822,1782,223a167cf99a6d6e98ff56fb64ab786fb8c17233a50e9a2267cb6f70061ab49b,3903c60b5ffcab8645fcb176282c962cfda71bc6,37101494544
audit-screens/approved-salah/takbir__prayer_gallery__phone-portrait__100__ur__notes.png,822,1782,1ac9a1bfafb437ccc9039a86a86289da366dff8bec8d24e8ceea6946f64a064e,3903c60b5ffcab8645fcb176282c962cfda71bc6,37101494544
audit-screens/approved-salah/takbir__prayer_gallery__phone-portrait__100__ur__precheck.png,822,1782,223a167cf99a6d6e98ff56fb64ab786fb8c17233a50e9a2267cb6f70061ab49b,3903c60b5ffcab8645fcb176282c962cfda71bc6,37101494544
audit-screens/approved-salah/takbir__prayer_gallery__phone-portrait__130.png,822,1782,0d720de256313bb34db50eb1970d95ac5da787e4d9bbea375bb74d55bec97d6e,3903c60b5ffcab8645fcb176282c962cfda71bc6,37101494544
audit-screens/approved-salah/takbir__prayer_gallery__phone-portrait__130__notes.png,822,1782,3680baa8b254348d3a1c246d49e9ba710ea7b83ddff8b2e8bff50fea7a07f854,3903c60b5ffcab8645fcb176282c962cfda71bc6,37101494544
audit-screens/approved-salah/takbir__prayer_gallery__phone-portrait__130__precheck.png,822,1782,0d720de256313bb34db50eb1970d95ac5da787e4d9bbea375bb74d55bec97d6e,3903c60b5ffcab8645fcb176282c962cfda71bc6,37101494544
audit-screens/approved-salah/takbir__prayer_gallery__phone-portrait__130__ur.png,822,1782,59e197ce4a143854b973380c89ca8ee0f5b8ac2aab4c14bbe6e068d55422500e,3903c60b5ffcab8645fcb176282c962cfda71bc6,37101494544
audit-screens/approved-salah/takbir__prayer_gallery__phone-portrait__130__ur__notes.png,822,1782,75c462e5752d0b90b2b047b5b531dd4e8126a4787f4871650d84f8a2f3192770,3903c60b5ffcab8645fcb176282c962cfda71bc6,37101494544
audit-screens/approved-salah/takbir__prayer_gallery__phone-portrait__130__ur__precheck.png,822,1782,59e197ce4a143854b973380c89ca8ee0f5b8ac2aab4c14bbe6e068d55422500e,3903c60b5ffcab8645fcb176282c962cfda71bc6,37101494544
audit-screens/approved-salah/takbir__prayer_gallery__phone-portrait__200.png,822,1782,3418a1614241bf3b4100310f1e7259b4ecb917b758fdf2afc0cd2bcdc3a1f90b,3903c60b5ffcab8645fcb176282c962cfda71bc6,37101494544
audit-screens/approved-salah/takbir__prayer_gallery__phone-portrait__200__notes.png,822,1782,a9b64df8d6409f722c20273038f89b2ff7bf415f25a603ea8bc4ec499ce7a507,3903c60b5ffcab8645fcb176282c962cfda71bc6,37101494544
audit-screens/approved-salah/takbir__prayer_gallery__phone-portrait__200__precheck.png,822,1782,3418a1614241bf3b4100310f1e7259b4ecb917b758fdf2afc0cd2bcdc3a1f90b,3903c60b5ffcab8645fcb176282c962cfda71bc6,37101494544
audit-screens/approved-salah/takbir__prayer_gallery__phone-portrait__200__ur.png,822,1782,6b6e783cb2c46d4cfa55775a044ee4d75d493bd4f0435adb8776538000dbc685,3903c60b5ffcab8645fcb176282c962cfda71bc6,37101494544
audit-screens/approved-salah/takbir__prayer_gallery__phone-portrait__200__ur__notes.png,822,1782,388c7a0015c1d69ef1dc625254803f668836d2b37f72f90464f48d8a2fe48d78,3903c60b5ffcab8645fcb176282c962cfda71bc6,37101494544
audit-screens/approved-salah/takbir__prayer_gallery__phone-portrait__200__ur__precheck.png,822,1782,6b6e783cb2c46d4cfa55775a044ee4d75d493bd4f0435adb8776538000dbc685,3903c60b5ffcab8645fcb176282c962cfda71bc6,37101494544
audit-screens/approved-salah/takbir__prayer_gallery__tablet-landscape__100.png,2560,1600,da7341254dc89c1d7dce4aa86687bc0600d06e1cfc3ba8bec350944fc8c40d17,3903c60b5ffcab8645fcb176282c962cfda71bc6,37101494544
audit-screens/approved-salah/takbir__prayer_gallery__tablet-landscape__100__notes.png,2560,1600,da7341254dc89c1d7dce4aa86687bc0600d06e1cfc3ba8bec350944fc8c40d17,3903c60b5ffcab8645fcb176282c962cfda71bc6,37101494544
audit-screens/approved-salah/takbir__prayer_gallery__tablet-landscape__100__precheck.png,2560,1600,da7341254dc89c1d7dce4aa86687bc0600d06e1cfc3ba8bec350944fc8c40d17,3903c60b5ffcab8645fcb176282c962cfda71bc6,37101494544
audit-screens/approved-salah/takbir__prayer_gallery__tablet-landscape__100__ur.png,2560,1600,c748f1acad0cde8efbcddae13d2bd8a71ae9049abfdb5264df0dd295c23efedb,3903c60b5ffcab8645fcb176282c962cfda71bc6,37101494544
audit-screens/approved-salah/takbir__prayer_gallery__tablet-landscape__100__ur__notes.png,2560,1600,097240a1136e33c18d7702ebcd3129775c6f7451c5de9c969581118ca5e0aa1f,3903c60b5ffcab8645fcb176282c962cfda71bc6,37101494544
audit-screens/approved-salah/takbir__prayer_gallery__tablet-landscape__100__ur__precheck.png,2560,1600,c748f1acad0cde8efbcddae13d2bd8a71ae9049abfdb5264df0dd295c23efedb,3903c60b5ffcab8645fcb176282c962cfda71bc6,37101494544
audit-screens/approved-salah/takbir__prayer_gallery__tablet-landscape__130.png,2560,1600,eadd88e456bed526c85c63405d37f8ea72c098bf41ca762dc97a0629f7a2a7e4,3903c60b5ffcab8645fcb176282c962cfda71bc6,37101494544
audit-screens/approved-salah/takbir__prayer_gallery__tablet-landscape__130__notes.png,2560,1600,eadd88e456bed526c85c63405d37f8ea72c098bf41ca762dc97a0629f7a2a7e4,3903c60b5ffcab8645fcb176282c962cfda71bc6,37101494544
audit-screens/approved-salah/takbir__prayer_gallery__tablet-landscape__130__precheck.png,2560,1600,eadd88e456bed526c85c63405d37f8ea72c098bf41ca762dc97a0629f7a2a7e4,3903c60b5ffcab8645fcb176282c962cfda71bc6,37101494544
audit-screens/approved-salah/takbir__prayer_gallery__tablet-landscape__130__ur.png,2560,1600,b82dd10a2b4c23e84765d42ed6f141f0ba16da8652616d359e38fa8e4b8e91c3,3903c60b5ffcab8645fcb176282c962cfda71bc6,37101494544
audit-screens/approved-salah/takbir__prayer_gallery__tablet-landscape__130__ur__notes.png,2560,1600,adbf9b5949549dad09e659afe0484bafe95ef223488f870f4eb412d620926817,3903c60b5ffcab8645fcb176282c962cfda71bc6,37101494544
audit-screens/approved-salah/takbir__prayer_gallery__tablet-landscape__130__ur__precheck.png,2560,1600,b82dd10a2b4c23e84765d42ed6f141f0ba16da8652616d359e38fa8e4b8e91c3,3903c60b5ffcab8645fcb176282c962cfda71bc6,37101494544
audit-screens/approved-salah/takbir__prayer_gallery__tablet-landscape__200.png,2560,1600,5712ba82e56247082eb82ddec04a67a78716f9677355ee230504f127ae2f5144,3903c60b5ffcab8645fcb176282c962cfda71bc6,37101494544
audit-screens/approved-salah/takbir__prayer_gallery__tablet-landscape__200__notes.png,2560,1600,cce27df5c7c9575e250963a14054eb6b8ed74661e4e863b00f60e030d796c227,3903c60b5ffcab8645fcb176282c962cfda71bc6,37101494544
audit-screens/approved-salah/takbir__prayer_gallery__tablet-landscape__200__precheck.png,2560,1600,5712ba82e56247082eb82ddec04a67a78716f9677355ee230504f127ae2f5144,3903c60b5ffcab8645fcb176282c962cfda71bc6,37101494544
audit-screens/approved-salah/takbir__prayer_gallery__tablet-landscape__200__ur.png,2560,1600,e561fcbb387ffbf9828c8f521a3ffe1cd249551d79e99f9f03b1ae2c0e89280f,3903c60b5ffcab8645fcb176282c962cfda71bc6,37101494544
audit-screens/approved-salah/takbir__prayer_gallery__tablet-landscape__200__ur__notes.png,2560,1600,8b8413914ba98711c424b2744f7e962a2af80aa43e332bdb7839224534636bdd,3903c60b5ffcab8645fcb176282c962cfda71bc6,37101494544
audit-screens/approved-salah/takbir__prayer_gallery__tablet-landscape__200__ur__precheck.png,2560,1600,e561fcbb387ffbf9828c8f521a3ffe1cd249551d79e99f9f03b1ae2c0e89280f,3903c60b5ffcab8645fcb176282c962cfda71bc6,37101494544
audit-screens/approved-salah/takbir__prayer_gallery__tablet-portrait__100.png,1600,2560,0a13aca40a31d2cf116c9a2781171368c59741d81b640a932e84618b28acf035,3903c60b5ffcab8645fcb176282c962cfda71bc6,37101494544
audit-screens/approved-salah/takbir__prayer_gallery__tablet-portrait__100__notes.png,1600,2560,0a13aca40a31d2cf116c9a2781171368c59741d81b640a932e84618b28acf035,3903c60b5ffcab8645fcb176282c962cfda71bc6,37101494544
audit-screens/approved-salah/takbir__prayer_gallery__tablet-portrait__100__precheck.png,1600,2560,0a13aca40a31d2cf116c9a2781171368c59741d81b640a932e84618b28acf035,3903c60b5ffcab8645fcb176282c962cfda71bc6,37101494544
audit-screens/approved-salah/takbir__prayer_gallery__tablet-portrait__100__ur.png,1600,2560,4033b392052ad8f0b3c1956e7a165e741929b23d6e8a97c0f5fb069f14ab367b,3903c60b5ffcab8645fcb176282c962cfda71bc6,37101494544
audit-screens/approved-salah/takbir__prayer_gallery__tablet-portrait__100__ur__notes.png,1600,2560,62ae4673c4523133e363f1e565dcff7fb5eb3f53236b86fd73fa6f5e3f897214,3903c60b5ffcab8645fcb176282c962cfda71bc6,37101494544
audit-screens/approved-salah/takbir__prayer_gallery__tablet-portrait__100__ur__precheck.png,1600,2560,4033b392052ad8f0b3c1956e7a165e741929b23d6e8a97c0f5fb069f14ab367b,3903c60b5ffcab8645fcb176282c962cfda71bc6,37101494544
audit-screens/approved-salah/takbir__prayer_gallery__tablet-portrait__130.png,1600,2560,61315ab1378ce73d41c1cabcc5c513d3df34a62433a6e34cc71a71f5dd0ef80f,3903c60b5ffcab8645fcb176282c962cfda71bc6,37101494544
audit-screens/approved-salah/takbir__prayer_gallery__tablet-portrait__130__notes.png,1600,2560,61315ab1378ce73d41c1cabcc5c513d3df34a62433a6e34cc71a71f5dd0ef80f,3903c60b5ffcab8645fcb176282c962cfda71bc6,37101494544
audit-screens/approved-salah/takbir__prayer_gallery__tablet-portrait__130__precheck.png,1600,2560,61315ab1378ce73d41c1cabcc5c513d3df34a62433a6e34cc71a71f5dd0ef80f,3903c60b5ffcab8645fcb176282c962cfda71bc6,37101494544
audit-screens/approved-salah/takbir__prayer_gallery__tablet-portrait__130__ur.png,1600,2560,db16d8deb851a8356560576a10ee906c504d2e0d6b42029eefc42ef89452a249,3903c60b5ffcab8645fcb176282c962cfda71bc6,37101494544
audit-screens/approved-salah/takbir__prayer_gallery__tablet-portrait__130__ur__notes.png,1600,2560,385954ef1e34a164c8ddaadd8147bcdb93ddd354481f92566331e7e8596826f2,3903c60b5ffcab8645fcb176282c962cfda71bc6,37101494544
audit-screens/approved-salah/takbir__prayer_gallery__tablet-portrait__130__ur__precheck.png,1600,2560,db16d8deb851a8356560576a10ee906c504d2e0d6b42029eefc42ef89452a249,3903c60b5ffcab8645fcb176282c962cfda71bc6,37101494544
audit-screens/approved-salah/takbir__prayer_gallery__tablet-portrait__200.png,1600,2560,e80d68169ff89e93eae53c7649ac970d96bf20f10320b1afd46e0dcd457eae07,3903c60b5ffcab8645fcb176282c962cfda71bc6,37101494544
audit-screens/approved-salah/takbir__prayer_gallery__tablet-portrait__200__notes.png,1600,2560,ab9f1caa4a933596566a34578c09ba28cac26603a8b2450820db574f2b0bd956,3903c60b5ffcab8645fcb176282c962cfda71bc6,37101494544
audit-screens/approved-salah/takbir__prayer_gallery__tablet-portrait__200__precheck.png,1600,2560,e80d68169ff89e93eae53c7649ac970d96bf20f10320b1afd46e0dcd457eae07,3903c60b5ffcab8645fcb176282c962cfda71bc6,37101494544
audit-screens/approved-salah/takbir__prayer_gallery__tablet-portrait__200__ur.png,1600,2560,886948f421f4de79e3372b42b07cfb21b45397560932f2670a92246a2052911b,3903c60b5ffcab8645fcb176282c962cfda71bc6,37101494544
audit-screens/approved-salah/takbir__prayer_gallery__tablet-portrait__200__ur__notes.png,1600,2560,02e6b0e2db4a5bd3b8b9c2483cc3a5e5581fd7b3cf0eba09fad8aebc8aa9d562,3903c60b5ffcab8645fcb176282c962cfda71bc6,37101494544
audit-screens/approved-salah/takbir__prayer_gallery__tablet-portrait__200__ur__precheck.png,1600,2560,886948f421f4de79e3372b42b07cfb21b45397560932f2670a92246a2052911b,3903c60b5ffcab8645fcb176282c962cfda71bc6,37101494544
audit-screens/azaan__celestial_meridian__phone-portrait__200.png,822,1782,ef5906aae076a43c5c464df6e6a0503f9210c3815417c8fc9f702a55c261ee52,3903c60b5ffcab8645fcb176282c962cfda71bc6,37101494544
audit-screens/azaan__celestial_meridian__tablet-portrait__200.png,1600,2560,2f1a07712996b9adfecf01f4cded1bf4895051f667e66552583da6c3b10764d9,3903c60b5ffcab8645fcb176282c962cfda71bc6,37101494544
audit-screens/azaan__kiswah__phone-portrait__200.png,822,1782,c3d6cbfc2a5ee9a0e729686979c8bc906ccfbdb77a4bfab4fbcebf737df379de,3903c60b5ffcab8645fcb176282c962cfda71bc6,37101494544
audit-screens/azaan__kiswah__tablet-portrait__200.png,1600,2560,e4d09d845f6c118b00093aa446cf9f23460105091f6bbe40f1f25eef3b117599,3903c60b5ffcab8645fcb176282c962cfda71bc6,37101494544
audit-screens/azaan__miqaat__phone-portrait__200.png,822,1782,20948f8c2ab698e2b2017e267789aed61a61b266ed291b73d62c5f36b9f8f117,3903c60b5ffcab8645fcb176282c962cfda71bc6,37101494544
audit-screens/azaan__miqaat__tablet-portrait__200.png,1600,2560,0d84a6f5ace427d5fba124fe8dfbb7a6fb712c9191afe6c0b5a82c7bab3d061f,3903c60b5ffcab8645fcb176282c962cfda71bc6,37101494544
audit-screens/azaan__prayer_gallery__phone-portrait__200.png,822,1782,3d6a3a0c6ab3a5c28f192427ff0d87596673f4597811b1748b1ced9ebf11ea8a,3903c60b5ffcab8645fcb176282c962cfda71bc6,37101494544
audit-screens/azaan__prayer_gallery__tablet-portrait__200.png,1600,2560,20fc6353fe2c941114514a5fbe08652ba1bd42e7132169e3359b7ee41d23a86d,3903c60b5ffcab8645fcb176282c962cfda71bc6,37101494544
audit-screens/hadith__celestial_meridian__phone-portrait__200__active-step.png,822,1782,547c37a4e2d6ffd11c15f5c9611772f208e2eaa68963e69e4658bf2a3410d1ed,3903c60b5ffcab8645fcb176282c962cfda71bc6,37101494544
audit-screens/hadith__kiswah__phone-portrait__200__active-step.png,822,1782,0b2772caa5c76c55ed8c2ee26c99d7760f2db843d07e792fc4d664f358be8279,3903c60b5ffcab8645fcb176282c962cfda71bc6,37101494544
audit-screens/hadith__miqaat__phone-portrait__200__active-step.png,822,1782,f1d4cf908672b1b5937d297dd27afdd4868c5e47f1a930a6caf5d0690f613c66,3903c60b5ffcab8645fcb176282c962cfda71bc6,37101494544
audit-screens/hadith__prayer_gallery__phone-portrait__200__active-step.png,822,1782,8184dd7633c1d3ff8cf7cdb26735b354ad54859e28831f70410aa26bb3004dee,3903c60b5ffcab8645fcb176282c962cfda71bc6,37101494544
audit-screens/home__celestial_meridian__phone-landscape__100.png,1782,822,481ce0bde60f2cdf34e220ec0f0b3a37778a8dc06a4e55266c09363d0a08394f,3903c60b5ffcab8645fcb176282c962cfda71bc6,37101494544
audit-screens/home__celestial_meridian__phone-landscape__100__last-prayer.png,1782,822,6391c5e3ff644a327c02a9c4ca8ba9c541a6ef29a40025fa8b5c24a725232fad,3903c60b5ffcab8645fcb176282c962cfda71bc6,37101494544
audit-screens/home__celestial_meridian__phone-landscape__100__ur.png,1782,822,8655a76a9bf603611416e77e8b61b56d77cac41d24b485aee159c22e55690fd4,3903c60b5ffcab8645fcb176282c962cfda71bc6,37101494544
audit-screens/home__celestial_meridian__phone-landscape__100__ur__last-prayer.png,1782,822,803f7dcb3fb07f219ecf583bb528f5202488b8d7b4aabc5093f7b2dba1c581f3,3903c60b5ffcab8645fcb176282c962cfda71bc6,37101494544
audit-screens/home__celestial_meridian__tablet-landscape__100__ur.png,2560,1600,a0d8cdaa253b4a58c31c2eaa178f574a895e440bb00a895af4eaf183eb0eb0e7,3903c60b5ffcab8645fcb176282c962cfda71bc6,37101494544
audit-screens/home__prayer_gallery__phone-landscape__100.png,1782,822,20f3143acf7ec11cbfaee14317ac7551972e57c08ccf8ca51478a9865c8f5fdb,3903c60b5ffcab8645fcb176282c962cfda71bc6,37101494544
audit-screens/home__prayer_gallery__phone-landscape__100__last-prayer.png,1782,822,225f605c901e6a066e19dd5d35e0d88e29bf2e99eb732d0e09c0f84eb3dd28a3,3903c60b5ffcab8645fcb176282c962cfda71bc6,37101494544
audit-screens/home__prayer_gallery__phone-landscape__100__ur.png,1782,822,d14306cbbcdc5478c095a367490430a37c9f501708049d81d673cddeb90b853b,3903c60b5ffcab8645fcb176282c962cfda71bc6,37101494544
audit-screens/home__prayer_gallery__phone-landscape__100__ur__last-prayer.png,1782,822,d05e8900450e268dd97c19901b3360475b3967734b051fd2121d54131407d29d,3903c60b5ffcab8645fcb176282c962cfda71bc6,37101494544
audit-screens/home__prayer_gallery__tablet-landscape__100__ur.png,2560,1600,0839833b223845bf65971c7a8acb33a11f3ff2e8f5ca990d7e608e7021f96d9e,3903c60b5ffcab8645fcb176282c962cfda71bc6,37101494544
audit-screens/lesson__bowing__celestial_meridian__tablet-portrait__200.png,1600,2560,ad5c6666fde60f633c247048d16d4519e5d67da58d032f8dc3d10724739df4c1,3903c60b5ffcab8645fcb176282c962cfda71bc6,37101494544
audit-screens/lesson__bowing__kiswah__tablet-portrait__200.png,1600,2560,f12f5b54db92db998bcc791f4d49f241114fb84498b0c40f063f44b98524239b,3903c60b5ffcab8645fcb176282c962cfda71bc6,37101494544
audit-screens/lesson__bowing__miqaat__tablet-portrait__200.png,1600,2560,28713b63d1902146839e5542c694cba9316857413ff303c5ed3601f8c76eb668,3903c60b5ffcab8645fcb176282c962cfda71bc6,37101494544
audit-screens/lesson__bowing__prayer_gallery__tablet-portrait__200.png,1600,2560,4a9d2a250cc06950670126799bb14cc5f72d4855feb9d635dc216339fa417d59,3903c60b5ffcab8645fcb176282c962cfda71bc6,37101494544
audit-screens/lesson__prostrating__celestial_meridian__tablet-portrait__200.png,1600,2560,977739707cd1bf53868fc29f320913c11aeee0dd7ac35aa88787e72577461209,3903c60b5ffcab8645fcb176282c962cfda71bc6,37101494544
audit-screens/lesson__prostrating__kiswah__tablet-portrait__200.png,1600,2560,3a6db30d0c261e441cda090a3680bf95834dbdc28e9c809b1ed06145a216bf29,3903c60b5ffcab8645fcb176282c962cfda71bc6,37101494544
audit-screens/lesson__prostrating__miqaat__tablet-portrait__200.png,1600,2560,3d2f23025389bb565559853b170bccb3705156764bb138c4ff7a04841dbb70d6,3903c60b5ffcab8645fcb176282c962cfda71bc6,37101494544
audit-screens/lesson__prostrating__prayer_gallery__tablet-portrait__200.png,1600,2560,530fe218426a9a2c0f79ff58f800c725846683ea59d88614760057880d23562f,3903c60b5ffcab8645fcb176282c962cfda71bc6,37101494544
audit-screens/lesson__rising__celestial_meridian__tablet-portrait__200.png,1600,2560,160dde18b3ba2c052aaada0659bc32f6e1f8b56b240064fb4e37266958bbb739,3903c60b5ffcab8645fcb176282c962cfda71bc6,37101494544
audit-screens/lesson__rising__kiswah__tablet-portrait__200.png,1600,2560,b7a286022e83f57fe781d94662637fb30040204e75142bc69a821a4cb5aa178c,3903c60b5ffcab8645fcb176282c962cfda71bc6,37101494544
audit-screens/lesson__rising__miqaat__tablet-portrait__200.png,1600,2560,172ed85cd5aa78259bec0221330b2a6c464eae3af1e5897bca712d0a416f5662,3903c60b5ffcab8645fcb176282c962cfda71bc6,37101494544
audit-screens/lesson__rising__prayer_gallery__tablet-portrait__200.png,1600,2560,8f54b1acfddf9a3c9a94fd177d9f4cc5d7568055529388d1eb7d08cf205bc09e,3903c60b5ffcab8645fcb176282c962cfda71bc6,37101494544
audit-screens/lesson__salam__celestial_meridian__tablet-portrait__200.png,1600,2560,95d829fcf03ea091ad5c8d7bd30809c7aaf6fb16a61eb3771c8f27f08c75660c,3903c60b5ffcab8645fcb176282c962cfda71bc6,37101494544
audit-screens/lesson__salam__kiswah__tablet-portrait__200.png,1600,2560,23159d7bf3885c8f4f606b2cba6db65631a943019305336fd8f9b0e65381d838,3903c60b5ffcab8645fcb176282c962cfda71bc6,37101494544
audit-screens/lesson__salam__miqaat__tablet-portrait__200.png,1600,2560,f7f444381b731409e577a93ef4d7a44a1c1c4d20d7d05ea8e75b99c99f514211,3903c60b5ffcab8645fcb176282c962cfda71bc6,37101494544
audit-screens/lesson__salam__prayer_gallery__tablet-portrait__200.png,1600,2560,101d2d5563393688a4b812c842c123029eb642fc124c6a52aa4636daa948b953,3903c60b5ffcab8645fcb176282c962cfda71bc6,37101494544
audit-screens/lesson__sitting__celestial_meridian__tablet-portrait__200.png,1600,2560,8eda8e5d50d1bfb0998b4ae55a9eca9fb0b5f3a086297021d75a9a8e6211957f,3903c60b5ffcab8645fcb176282c962cfda71bc6,37101494544
audit-screens/lesson__sitting__kiswah__tablet-portrait__200.png,1600,2560,de70f1e17939c5366cdbf9b63417e4a67a0f16010b4d9b908b8db5387fc37618,3903c60b5ffcab8645fcb176282c962cfda71bc6,37101494544
audit-screens/lesson__sitting__miqaat__tablet-portrait__200.png,1600,2560,133f51dd6cbe91f6f4081d2440b4bf4157238e6d669288e76000cc3a089a3981,3903c60b5ffcab8645fcb176282c962cfda71bc6,37101494544
audit-screens/lesson__sitting__prayer_gallery__tablet-portrait__200.png,1600,2560,f02bf73de31c14202767250c65317e1f70761100f5812994682e580ff77a5db6,3903c60b5ffcab8645fcb176282c962cfda71bc6,37101494544
audit-screens/lesson__standing__celestial_meridian__tablet-portrait__200.png,1600,2560,bbeb5b8ae6457175883a2edb829c6c036839ff1578dc05aca84cf3604a02efe7,3903c60b5ffcab8645fcb176282c962cfda71bc6,37101494544
audit-screens/lesson__standing__kiswah__tablet-portrait__200.png,1600,2560,6acbfdd13fd8893a50613e1110c0ffabb10c1755b52fabd076bbd8b87abc8386,3903c60b5ffcab8645fcb176282c962cfda71bc6,37101494544
audit-screens/lesson__standing__miqaat__tablet-portrait__200.png,1600,2560,2384b83ffbec1cdb73f1c19290de6be177dab39e4fd03d279d603adbd07c2c95,3903c60b5ffcab8645fcb176282c962cfda71bc6,37101494544
audit-screens/lesson__standing__prayer_gallery__tablet-portrait__200.png,1600,2560,d0a7585a729f0dd733752f3bf34dcbc31ec377ddb1c6ee9dd72dbdd933d5b202,3903c60b5ffcab8645fcb176282c962cfda71bc6,37101494544
audit-screens/lesson__takbir__celestial_meridian__tablet-portrait__200.png,1600,2560,4a79273d300b234a45ee07e880a3777c56d7ebc4f83a2c0b8d998f2a89504575,3903c60b5ffcab8645fcb176282c962cfda71bc6,37101494544
audit-screens/lesson__takbir__kiswah__tablet-portrait__200.png,1600,2560,a2f80f8229c3eb9ab3b4ec03fc249bac68a4aa8d925f48cb8fb0af458feddd53,3903c60b5ffcab8645fcb176282c962cfda71bc6,37101494544
audit-screens/lesson__takbir__miqaat__tablet-portrait__200.png,1600,2560,10575d85162d8381639163d468df3fd225a6a938ce5bbecacb6ac79f3b37e235,3903c60b5ffcab8645fcb176282c962cfda71bc6,37101494544
audit-screens/lesson__takbir__prayer_gallery__tablet-portrait__200.png,1600,2560,e80d68169ff89e93eae53c7649ac970d96bf20f10320b1afd46e0dcd457eae07,3903c60b5ffcab8645fcb176282c962cfda71bc6,37101494544
audit-screens/lesson__tashahhud__celestial_meridian__tablet-portrait__200.png,1600,2560,64d9efdc7408109477778cd3ffd3aac4de085e331977577a14cc42da59e59e90,3903c60b5ffcab8645fcb176282c962cfda71bc6,37101494544
audit-screens/lesson__tashahhud__kiswah__tablet-portrait__200.png,1600,2560,116b8062473bad7ba486f7de81c4a82b7d6bfaecca5800b0f084165b012529f5,3903c60b5ffcab8645fcb176282c962cfda71bc6,37101494544
audit-screens/lesson__tashahhud__miqaat__tablet-portrait__200.png,1600,2560,fd949aba735cd35bda24b383f3139a8fd952bd4b7ac95abf070449526e828201,3903c60b5ffcab8645fcb176282c962cfda71bc6,37101494544
audit-screens/lesson__tashahhud__prayer_gallery__tablet-portrait__200.png,1600,2560,868930c7ee4b256d46786dc0f6803ad6a2c9b6818b8c54404ce9f03da57da8fe,3903c60b5ffcab8645fcb176282c962cfda71bc6,37101494544
audit-screens/posture-art__bowing.png,1600,2560,aeb235df48d5bfca24b11ff3a54f1c27d4669cb3a56eb14fc0cc1d24315d60a2,3903c60b5ffcab8645fcb176282c962cfda71bc6,37101494544
audit-screens/posture-art__prostrating.png,1600,2560,614ffd3a520a91bdd9fb5fd0abeb2b13e143413b5f8bd0830edadad06bb2e0f4,3903c60b5ffcab8645fcb176282c962cfda71bc6,37101494544
audit-screens/posture-art__rising.png,1600,2560,9e5e8d73f2ff524308c003608764a24d0c515f2e6afc9a69a89e4d2bbeeb764e,3903c60b5ffcab8645fcb176282c962cfda71bc6,37101494544
audit-screens/posture-art__salam.png,1600,2560,14bd94866b85feaa784971c4948224038661dd9a5a837599c050c7b3f639bc1f,3903c60b5ffcab8645fcb176282c962cfda71bc6,37101494544
audit-screens/posture-art__sitting.png,1600,2560,b55fb5dbe720e34cc3ca49f63b94cc21e4ae6c598a19a22390604b92e724efc0,3903c60b5ffcab8645fcb176282c962cfda71bc6,37101494544
audit-screens/posture-art__standing.png,1600,2560,dd69ae01c289c50cb5003afbd54268c34103ea2e1d26f64ec9add077d1b13249,3903c60b5ffcab8645fcb176282c962cfda71bc6,37101494544
audit-screens/posture-art__takbir.png,1600,2560,bb8f5c552888d50445d6ebb4e8b5a0a0ed0f465e2e500bcddd1cf3adc47284d0,3903c60b5ffcab8645fcb176282c962cfda71bc6,37101494544
audit-screens/posture-art__tashahhud.png,1600,2560,5aaeb5c40f77e3516ff35df3c84caf18309412b45d4311737189901b2e37f942,3903c60b5ffcab8645fcb176282c962cfda71bc6,37101494544
audit-screens/qibla__celestial_meridian__tablet-portrait__200__instruction.png,1600,2560,b7016c7b14b39e2cec3e3f79e7217cf7ff9df90ded1201907c6eeb91db1b8fbd,3903c60b5ffcab8645fcb176282c962cfda71bc6,37101494544
audit-screens/qibla__kiswah__tablet-portrait__200__instruction.png,1600,2560,af4210f8eb2b1974893b3c8414f5ef250d7ce46629e2763bd9dfd5311a35e77e,3903c60b5ffcab8645fcb176282c962cfda71bc6,37101494544
audit-screens/qibla__miqaat__tablet-portrait__200__instruction.png,1600,2560,aa08502f19439c89b4c11c06312509cf5232bf5215bf46152031a5f230feeb05,3903c60b5ffcab8645fcb176282c962cfda71bc6,37101494544
audit-screens/qibla__prayer_gallery__tablet-portrait__200__instruction.png,1600,2560,3a4bdc25284bcf8a0ff60aec98f92a8ee26aa43d0012ce7f949fb57bb859d747,3903c60b5ffcab8645fcb176282c962cfda71bc6,37101494544
audit-screens/settings-display__celestial_meridian__phone-landscape__200.png,1782,822,b61dc01d1338fe85baeb3f9e2074e688244f6c26533b3a4e37fbdf1ce17dff30,3903c60b5ffcab8645fcb176282c962cfda71bc6,37101494544
audit-screens/settings-display__kiswah__phone-landscape__200.png,1782,822,3bada5b2592068342ecac043110c62d2bef77fc7862c84a7c97b42cc345b85ca,3903c60b5ffcab8645fcb176282c962cfda71bc6,37101494544
audit-screens/settings-display__miqaat__phone-landscape__200.png,1782,822,2b4c1a20380be5d907380acab9eb0549223a6d85e3a5a13bd5b059eaaa75aff8,3903c60b5ffcab8645fcb176282c962cfda71bc6,37101494544
audit-screens/settings-display__prayer_gallery__phone-landscape__200.png,1782,822,e90f32c4f557a15256e44f51e2e5ed9a77bc1c9dfeb7e814406f31c0023eed17,3903c60b5ffcab8645fcb176282c962cfda71bc6,37101494544
